ID	scientificName	authorship	rank	genus	specificEpithet	infraspecificEpithet	publishedInID	publishedInPage	code	status	link
2	Aulacophyllum lindenii	(Regel ex André) Regel	species				2		botanical		
3	Aulacophyllum montanum	(A.Braun) Regel	species				3		botanical		
4	Aulacophyllum ortgiesii	Regel	species				4		botanical		
5	Aulacophyllum roezlii	(Linden) Regel	species				5		botanical		
6	Aulacophyllum skinneri	(Warsz. ex A.Dietr.) Regel	species				6		botanical		
7	Aulacophyllum wallisii	(A.Braun) Regel	species				7		botanical		
9	Bowenia serrulata	(W.Bull) Chamb.	species				9		botanical		
10	Bowenia spectabilis	Hook. ex Hook.f.	species				10		botanical		
11	Bowenia spectabilis var. serrata	F.M.Bailey	var.				11		botanical		
12	Bowenia spectabilis var. serrulata	W.Bull	var.				12		botanical		
681	Bowenia spectabilis var. spectabilis		var.				681		botanical		
14	Catakidozamia hopei	W.Hill	species				14		botanical		
16	Ceratozamia alvarezii	Pérez-Farr., Vovides & Iglesias	species				16		botanical		
17	Ceratozamia becerrae	Pérez-Farr., Vovides & Schutzman	species				17		botanical		
18	Ceratozamia boliviana	Brongn.	species				18		botanical		
19	Ceratozamia brevifrons	Miq.	species				19		botanical		
818	Ceratozamia chamberlainii	Mart.-Domínguez, Nic.-Mor. & D.W.Stev.	species				818		botanical		
20	Ceratozamia chimalapensis	Pérez-Farr. & Vovides	species				20		botanical		
21	Ceratozamia decumbens	Vovides, Avendaño, Pérez-Farr. & Gonz.-Astorga	species				21		botanical		
632	Ceratozamia delucana	Vázq.Torres, A.Moretti & Carvajal-Hern.	species				632		botanical		
22	Ceratozamia euryphyllidia	Vázq.Torres, Sabato & D.W.Stev.	species				22		botanical		
23	Ceratozamia fuscoviridis	Moore	species				23		botanical	unavailable	
374	Ceratozamia fuscoviridis	W.Bull	species				374		botanical		
24	Ceratozamia hildae	G.P.Landry & M.C.Wilson	species				24		botanical		
25	Ceratozamia hondurensis	J.L.Haynes, Whitelock, Schutzman & R.S.Adams	species				25		botanical		
26	Ceratozamia huastecorum	Avendaño, Vovides & Cast.-Campos	species				26		botanical		
27	Ceratozamia intermedia	Miq.	species				27		botanical		
28	Ceratozamia katzeriana	Regel	species				28		botanical		
29	Ceratozamia kuesteriana	Regel	species				29		botanical		
30	Ceratozamia latifolia	Miq.	species				30		botanical		
31	Ceratozamia longifolia	Miq.	species				31		botanical		
32	Ceratozamia matudae	Lundell	species				32		botanical		
33	Ceratozamia mexicana	Brongn.	species				33		botanical		
743	Ceratozamia mexicana var. longifolia f. fuscoviridis	Miq.	f.				743		botanical		
682	Ceratozamia mexicana var. mexicana		var.				682		botanical		
585	Ceratozamia mexicana var. robusta	(Miq.) Dyer	var.				585		botanical		
34	Ceratozamia mexicana var. tenuis	Dyer	var.				34		botanical		
35	Ceratozamia microstrobila	Vovides & J.D.Rees	species				35		botanical		
36	Ceratozamia miqueliana	H.Wendl.	species				36		botanical		
37	Ceratozamia mirandae	Vovides, Pérez-Farr. & Iglesias	species				37		botanical		
38	Ceratozamia mixeorum	Chemnick, T.J.Greg. & Salas-Mor.	species				38		botanical		
39	Ceratozamia morettii	Vázq.Torres & Vovides	species				39		botanical		
40	Ceratozamia norstogii	D.W.Stev.	species				40		botanical		
41	Ceratozamia robusta	Miq.	species				41		botanical		
42	Ceratozamia sabatoi	Vovides, Vázq.Torres, Schutzman & Iglesias	species				42		botanical		
43	Ceratozamia santillanii	Pérez-Farr. & Vovides	species				43		botanical		
817	Ceratozamia subroseophylla	Mart.-Domínguez & Nic.-Mor.	species				817		botanical		
793	Ceratozamia tenuis	(Dyer) D.W.Stev. & Vovides	species				793		botanical		
814	Ceratozamia totonacorum	Mart.-Domínguez & Nic.-Mor.	species				814		botanical		
44	Ceratozamia vovidesii	Pérez-Farr. & Iglesias	species				44		botanical		
45	Ceratozamia whitelockiana	Chemnick & T.J.Greg.	species				45		botanical		
46	Ceratozamia zaragozae	Medellín	species				46		botanical		
47	Ceratozamia zoquorum	Pérez-Farr., Vovides & Iglesias	species				47		botanical		
49	Chigua bernalii	D.W.Stev.	species				49		botanical		
50	Chigua restrepoi	D.W.Stev.	species				50		botanical		
52	Cycas aculeata	K.D.Hill & T.H.Nguyên	species				52		botanical		
53	Cycas acuminatissima	Hung T.Chang, Y.C.Zhong & Z.F.Lu	species				53		botanical		
54	Cycas aenigma	K.D.Hill & A.Lindstr.	species				54		botanical		
795	Cycas andamanica	K.Prassad, M.V.Ramana, Sanjappa & B.R.P.Rao	species				795		botanical		
55	Cycas angulata	R.Br.	species				55		botanical		
56	Cycas annaikalensis	Rita Singh & P.Radha	species				56		botanical		
57	Cycas apoa	K.D.Hill	species				57		botanical		
58	Cycas arenicola	K.D.Hill	species				58		botanical		
59	Cycas armstrongii	Miq.	species				59		botanical		
60	Cycas arnhemica	K.D.Hill	species				60		botanical		
574	Cycas arnhemica subsp. arnhemica		subsp.				574		botanical		
61	Cycas arnhemica subsp. muninga	Chirgwin & K.D.Hill	subsp.				61		botanical		
62	Cycas arnhemica subsp. natja	K.D.Hill	subsp.				62		botanical		
63	Cycas badensis	K.D.Hill	species				63		botanical		
64	Cycas baguanheensis	L.K.Fu & S.Z.Cheng	species				64		botanical		
829	Cycas baiseensis	Y.Y.Huang, Y.C.Zhong & Z.F.Lu	species				829		botanical		
65	Cycas balansae	Warb.	species				65		botanical		
66	Cycas basaltica	C.A.Gardner	species				66		botanical		
67	Cycas beddomei	Dyer	species				67		botanical		
68	Cycas bellefontii	L.Linden & Rodigas	species				68		botanical	doubtful	
69	Cycas bifida	(Dyer) K.D.Hill	species				69		botanical		
571	Cycas bifida x C. dolichophylla		species				571		botanical		
570	Cycas bifida x C. multipinnata		species				570		botanical		
70	Cycas bougainvilleana	K.D.Hill	species				70		botanical		
71	Cycas brachycantha	K.D.Hill, T.H.Nguyên & P.K.Lôc	species				71		botanical		
72	Cycas brevipinnata	Hung T.Chang, Y.Y.Huang & Y.C.Zhong	species				72		botanical		
73	Cycas brunnea	K.D.Hill	species				73		botanical		
74	Cycas caffra	Thunb.	species				74		botanical		
75	Cycas cairnsiana	F.Muell.	species				75		botanical		
76	Cycas calcicola	Maconochie	species				76		botanical		
77	Cycas campestris	K.D.Hill	species				77		botanical		
79	Cycas canalis	K.D.Hill	species				79		botanical		
683	Cycas canalis subsp. canalis		subsp.				683		botanical		
78	Cycas canalis subsp. carinata	K.D.Hill	subsp.				78		botanical		
80	Cycas candida	K.D.Hill	species				80		botanical		
81	Cycas cantafolia	Jutta, K.L.Chew & Saw	species				81		botanical		
82	Cycas celebica	Miq.	species				82		botanical		
83	Cycas chamaoensis	K.D.Hill	species				83		botanical		
84	Cycas chamberlainii	W.H.Br. & Kienholz	species				84		botanical		
85	Cycas changjiangensis	N.Liu	species				85		botanical		
665	Cycas chenii	X.Gong & Wei Zhou	species				665		botanical		
86	Cycas chevalieri	Leandri	species				86		botanical		
87	Cycas circinalis	L.	species				87		botanical		
684	Cycas circinalis f. circinalis		f.				684		botanical		
88	Cycas circinalis f. glauca	(Miq.) J.Schust.	f.				88		botanical		
89	Cycas circinalis f. gothanii	J.Schust.	f.				89		botanical	doubtful	
90	Cycas circinalis f. undulata	(Hort. ex Gaudich.) J.Schust.	f.				90		botanical		
685	Cycas circinalis subsp. circinalis		subsp.				685		botanical		
91	Cycas circinalis subsp. madagascariensis	(Miq.) J.Schust.	subsp.				91		botanical	illegitimate	
722	Cycas circinalis subsp. madagascariensis f. madagascariensis		f.				722		botanical	unavailable	
92	Cycas circinalis subsp. madagascariensis f. trigonocarpoides	(Miq.) J.Schust.	f.				92		botanical		
93	Cycas circinalis subsp. papuana	(F.Muell.) J.Schust.	subsp.				93		botanical		
723	Cycas circinalis subsp. papuana var. papuana		var.				723		botanical		
94	Cycas circinalis subsp. papuana var. scratchleyana	(F.Muell.) J.Schust.	var.				94		botanical		
95	Cycas circinalis subsp. riuminiana	(Porte ex Regel) J.Schust.	subsp.				95		botanical		
96	Cycas circinalis subsp. riuminiana var. curranii	(Porte ex Regel) J.Schust.	f.				96		botanical		
97	Cycas circinalis subsp. riuminiana var. curranii	(Porte ex Regel) J.Schust.	f.				97		botanical		
98	Cycas circinalis subsp. riuminiana var. curranii	(Porte ex Regel) J.Schust.	var.				98		botanical		
99	Cycas circinalis subsp. riuminiana var. curranii	(Porte ex Regel) J.Schust.	f.				99		botanical		
724	Cycas circinalis subsp. riuminiana var. riuminiana		var.				724		botanical		
100	Cycas circinalis subsp. seemannii	(Regalado) J.Schust.	subsp.				100		botanical		
101	Cycas circinalis subsp. thouarsii	(R.Br. ex Gaudich.) Engl.	subsp.				101		botanical		
726	Cycas circinalis subsp. vera	J.Schust.	subsp.				726		botanical		
102	Cycas circinalis subsp. vera var. beddomei	J.Schust.	var.				102		botanical		
103	Cycas circinalis subsp. vera var. pectinata	J.Schust.	var.				103		botanical		
725	Cycas circinalis subsp. vera var. vera		var.				725		botanical		
104	Cycas circinalis var. angustifolia	Miq.	var.				104		botanical		
686	Cycas circinalis var. circinalis		var.				686		botanical		
105	Cycas circinalis var. javana	Miq.	var.				105		botanical		
106	Cycas circinalis var. orixensis	Haines	var.				106		botanical		
107	Cycas clivicola	K.D.Hill	species				107		botanical		
687	Cycas clivicola subsp. clivicola		subsp.				687		botanical		
108	Cycas clivicola subsp. lutea	K.D.Hill	subsp.				108		botanical		
109	Cycas collina	K.D.Hill, T.H.Nguyên & P.K.Lôc	species				109		botanical		
797	Cycas comorensis	Bruant	species				797		botanical		
110	Cycas condaoensis	K.D.Hill & S.L.Yang	species				110		botanical		
111	Cycas conferta	Chirgwin ex Chirgwin & Wigston	species				111		botanical		
112	Cycas couttsiana	K.D.Hill	species				112		botanical		
113	Cycas crassipes	Hung T.Chang, Y.C.Zhong & Z.F.Lu	species				113		botanical		
114	Cycas cupida	P.I.Forst.	species				114		botanical		
115	Cycas curranii	(J.Schust.) K.D.Hill	species				115		botanical		
792	Cycas darshii	R.C.Srivast. & Jana	species				792		botanical	doubtful	
116	Cycas debaoensis	Y.C.Zhong & C.J.Chen	species				116		botanical		
117	Cycas desolata	P.I.Forst.	species				117		botanical		
812	Cycas dharmrajii	L.J.Singh	species				812		botanical		
118	Cycas diannanensis	Z.T.Guan & G.D.Tao	species				118		botanical		
820	Cycas distans	P.I.Forst. & B.Gray	species				820		botanical		
119	Cycas dolichophylla	K.D.Hill, T.H.Nguyên & P.K.Lôc	species				119		botanical		
120	Cycas edentata	de Laub.	species				120		botanical		
121	Cycas elephantipes	A.Lindstr. & K.D.Hill	species				121		botanical		
122	Cycas elongata	(Leandri) D.Yue Wang	species				122		botanical		
123	Cycas fairylakea	D.Yue Wang	species				123		botanical		
124	Cycas falcata	K.D.Hill	species				124		botanical		
125	Cycas ferruginea	F.N.Wei	species				125		botanical		
126	Cycas fugax	K.D.Hill, T.H.Nguyên & P.K.Lôc	species				126		botanical		
127	Cycas furfuracea	W.Fitzg.	species				127		botanical		
128	Cycas glauca	Hort. ex Miq.	species				128		botanical		
129	Cycas gracilis	Miq.	species				129		botanical		
132	Cycas gracilis	Y.Y.Huang, Y.C.Zhong & Z.F.Lu	species				132		botanical	illegitimate	
130	Cycas gracilis var. glauca	Regel	var.				130		botanical		
688	Cycas gracilis var. gracilis		var.				688		botanical		
131	Cycas gracilis var. viridis	Regel	var.				131		botanical		
133	Cycas guizhouensis	K.M.Lan & R.F.Zou	species				133		botanical		
134	Cycas hainanensis	C.J.Chen	species				134		botanical		
135	Cycas hainanensis subsp. changjiangensis	(N.Liu) N.Liu	subsp.				135		botanical		
689	Cycas hainanensis subsp. hainanensis		subsp.				689		botanical		
136	Cycas hoabinhensis	P.K.Lôc & T.H.Nguyên	species				136		botanical		
137	Cycas hongheensis	S.Y.Yang & S.L.Yang ex D.Yue Wang	species				137		botanical		
138	Cycas hypoleuca	C.Presl.	species				138		botanical	doubtful	
139	Cycas immersa	Craib	species				139		botanical		
140	Cycas indica	A.Lindstr. & K.D.Hill	species				140		botanical		
141	Cycas inermis	Lour.	species				141		botanical		
142	Cycas javana	(Miq.) de Laub.	species				142		botanical		
143	Cycas jenkinsiana	Griff.	species				143		botanical		
144	Cycas kennedyana	F.Muell.	species				144		botanical		
145	Cycas lacrimans	A.Lindstr. & K.D.Hill	species				145		botanical		
146	Cycas lane-poolei	C.A.Gardner	species				146		botanical		
653	Cycas laotica	Aver., T.H.Nguyên & S.K.Nguyên	species				653		botanical		
147	Cycas lindstromii	S.L.Yang, K.D.Hill & T.H.Nguyên	species				147		botanical		
148	Cycas lingshuiensis	G.A.Fu	species				148		botanical		
149	Cycas litoralis	K.D.Hill	species				149		botanical		
150	Cycas longiconifera	Hung T.Chang, Y.C.Zhong & Y.Y.Huang	species				150		botanical		
151	Cycas longipetiolula	D.Yue Wang	species				151		botanical		
152	Cycas longisporophylla	F.N.Wei	species				152		botanical		
153	Cycas longlinensis	Hung T.Chang & Y.C.Zhong	species				153		botanical		
154	Cycas maconochiei	Chirgwin & K.D.Hill	species				154		botanical		
155	Cycas maconochiei subsp. lanata	K.D.Hill	subsp.				155		botanical		
575	Cycas maconochiei subsp. maconochiei		subsp.				575		botanical		
156	Cycas maconochiei subsp. viridis	K.D.Hill	subsp.				156		botanical		
157	Cycas macrocarpa	Griff.	species				157		botanical		
158	Cycas madagascariensis	Miq.	species				158		botanical		
159	Cycas media	R.Br.	species				159		botanical		
160	Cycas media subsp. banksii	K.D.Hill	subsp.				160		botanical		
161	Cycas media subsp. ensata	K.D.Hill	subsp.				161		botanical		
576	Cycas media subsp. media		subsp.				576		botanical		
800	Cycas media var. basaltica	(C.A.Gardner) J.Schust.	var.				800		botanical		
801	Cycas media var. furfuracea	(W.Fitzg.) J.Schust.	var.				801		botanical		
798	Cycas media var. lanepoolei	(C.A.Gardner) J.Schust.	var.				798		botanical		
572	Cycas media x C. ophiolitica		species				572		botanical		
162	Cycas megacarpa	K.D.Hill	species				162		botanical		
163	Cycas micholitzii	Dyer	species				163		botanical		
690	Cycas micholitzii var. micholitzii		var.				690		botanical		
164	Cycas micholitzii var. simplicipinna	Smitinand	var.				164		botanical		
165	Cycas micronesica	K.D.Hill	species				165		botanical		
166	Cycas miquelii	Warb.	species				166		botanical		
167	Cycas montana	A.Lindstr. & K.D.Hill	species				167		botanical		
168	Cycas multifida	Hung T.Chang & Y.C.Zhong	species				168		botanical		
169	Cycas multifrondis	D.Yue Wang	species				169		botanical		
171	Cycas multiovula	D.Yue Wang	species				171		botanical		
170	Cycas multipinnata	C.J.Chen & S.Y.Yang	species				170		botanical		
172	Cycas nathorstii	J.Schust.	species				172		botanical		
674	Cycas nayagarhensis	Rita Singh, P.Radha & Khuraijam	species				674		botanical		
173	Cycas nitida	K.D.Hill & A.Lindstr.	species				173		botanical		
174	Cycas nongnoochiae	K.D.Hill	species				174		botanical		
175	Cycas normanbyana	F.Muell.	species				175		botanical		
176	Cycas ophiolitica	K.D.Hill	species				176		botanical		
177	Cycas orientis	K.D.Hill	species				177		botanical		
673	Cycas orixensis	(Haines) Rita Singh & Khuraijam	species				673		botanical		
178	Cycas pachypoda	K.D.Hill	species				178		botanical		
179	Cycas palmatifida	Hung T.Chang, Y.Y.Huang & Y.C.Zhong	species				179		botanical		
180	Cycas panzhihuaensis	L.Zhou & S.Y.Yang	species				180		botanical		
181	Cycas papuana	F.Muell.	species				181		botanical		
182	Cycas parvula	S.L.Yang	species				182		botanical		
183	Cycas pectinata	Buch.-Ham.	species				183		botanical		
185	Cycas pectinata subsp. manhaoensis	C.J.Chen & P.Yun	subsp.				185		botanical		
184	Cycas pectinata var. elongata	Leandri	var.				184		botanical		
691	Cycas pectinata var. pectinata		var.				691		botanical		
186	Cycas petraea	A.Lindstr. & K.D.Hill	species				186		botanical		
187	Cycas platyphylla	K.D.Hill	species				187		botanical		
188	Cycas pranburiensis	S.L.Yang, W.Tang, K.D.Hill & Vatch.	species				188		botanical		
189	Cycas pruinosa	Maconochie	species				189		botanical		
794	Cycas pschannae	R.C.Srivast. & L.J.Singh	species				794		botanical		
190	Cycas pygmaea	Blume	species				190		botanical	doubtful	
191	Cycas revoluta	Thunb.	species				191		botanical		
192	Cycas revoluta var. brevifrons	Miq.	var.				192		botanical		
193	Cycas revoluta var. planifolia	Miq.	var.				193		botanical		
194	Cycas revoluta var. prolifera	Siebold & Zucc.	var.				194		botanical		
692	Cycas revoluta var. revoluta		var.				692		botanical		
195	Cycas revoluta var. robusta	Messeri	var.				195		botanical		
741	Cycas revoluta var. taiwaniana	(Carruth.) J.Schust.	var.				741		botanical		
196	Cycas riuminiana	Porte ex Regel	species				196		botanical		
197	Cycas rumphii	Miq.	species				197		botanical		
693	Cycas rumphii f. rumphii		f.				693		botanical		
198	Cycas rumphii f. undulata	(Desf. ex Gaudich.) Kaneh.	f.				198		botanical		
799	Cycas rumphii subsp. normanbyana	(F.Muell.) J.Schust.	subsp.				799		botanical		
694	Cycas rumphii subsp. rumphii		subsp.				694		botanical		
199	Cycas rumphii subsp. zeylanica	J.Schust.	subsp.				199		botanical		
200	Cycas rumphii var. bifida	Dyer	var.				200		botanical		
695	Cycas rumphii var. rumphii		var.				695		botanical		
802	Cycas rumphii var. seemannii	(Regalado) Parham	var.				802		botanical		
201	Cycas rumphii var. timorensis	Miq.	var.				201		botanical		
595	Cycas sainathii	R.C.Srivast.	species				595		botanical		
202	Cycas sancti-lasallei	Agoo & Madulid	species				202		botanical		
203	Cycas saxatilis	K.D.Hill & A.Lindstr.	species				203		botanical		
204	Cycas schumanniana	Lauterb.	species				204		botanical		
205	Cycas scratchleyana	F.Muell.	species				205		botanical		
206	Cycas seemannii	Braun	species				206		botanical		
207	Cycas segmentifida	D.Yue Wang & C.Y.Deng	species				207		botanical		
208	Cycas semota	K.D.Hill	species				208		botanical		
209	Cycas septemsperma	Hung T.Chang, Y.Y.Huang & H.X.Zheng	species				209		botanical		
815	Cycas seshachalamensis	P.V.C.Rao, N.V.S.Prasad, P.M.Babu, K.Prassad & Prasanna	species				815		botanical		
210	Cycas sexseminifera	F.N.Wei	species				210		botanical		
211	Cycas shanyaensis	G.A.Fu	species				211		botanical		
212	Cycas shiwandashanica	Hung T.Chang & Y.C.Zhong	species				212		botanical		
213	Cycas siamensis	Miq.	species				213		botanical		
214	Cycas siamensis subsp. balansae	(Warb.) J.Schust.	subsp.				214		botanical		
696	Cycas siamensis subsp. siamensis		subsp.				696		botanical		
215	Cycas silvestris	K.D.Hill	species				215		botanical		
216	Cycas simplicipinna	(Smitinand) K.D.Hill	species				216		botanical		
217	Cycas sphaerica	Roxb.	species				217		botanical		
218	Cycas spiniformis	J.Y.Liang	species				218		botanical		
796	Cycas squarrosa	Lodd. ex G.Don	species				796		botanical	unavailable	
219	Cycas sundaica	Miq. ex A.Lindstr. & K.D.Hill	species				219		botanical		
220	Cycas swamyi	Rita Singh & P.Radha	species				220		botanical		
221	Cycas szechuanensis	W.C.Cheng & L.K.Fu	species				221		botanical		
222	Cycas szechuanensis subsp. fairylakea	(D.Yue Wang) N.Liu	subsp.				222		botanical		
577	Cycas szechuanensis subsp. szechuanensis		subsp.				577		botanical		
223	Cycas taitungensis	C.F.Shen, K.D.Hill, C.H.Tsou & C.J.Chen	species				223		botanical		
224	Cycas taiwaniana	Carruth.	species				224		botanical		
225	Cycas tanqingii	D.Yue Wang	species				225		botanical		
226	Cycas tansachana	K.D.Hill & S.L.Yang	species				226		botanical		
227	Cycas terryana	P.I.Forst.	species				227		botanical		
228	Cycas thouarsii	R.Br. ex Gaudich.	species				228		botanical		
229	Cycas tonkinensis	(L.Linden & Rodigas) Rodigas	species				229		botanical	doubtful	
230	Cycas tropophylla	K.D.Hill & P.K.Lôc	species				230		botanical		
231	Cycas truncata	de Laub.	species				231		botanical	illegitimate	
232	Cycas tuckeri	K.D.Hill	species				232		botanical		
233	Cycas undulata	Desf. ex Gaudich.	species				233		botanical		
234	Cycas vespertilio	A.Lindstr. & K.D.Hill	species				234		botanical		
235	Cycas wadei	Merr.	species				235		botanical		
236	Cycas wallichii	Miq.	species				236		botanical		
237	Cycas xilingensis	Hung T.Chang & Y.C.Zhong	species				237		botanical		
238	Cycas xipholepis	K.D.Hill	species				238		botanical		
239	Cycas yorkiana	K.D.Hill	species				239		botanical		
240	Cycas zambalensis	Madulid & Agoo	species				240		botanical		
241	Cycas zeylanica	(J.Schust.) A.Lindstr. & K.D.Hill	species				241		botanical		
243	Dioon aculeatum	Lem.	species				243		botanical		
244	Dioon angustifolium	Miq.	species				244		botanical		
245	Dioon argenteum	T.J.Greg., Chemnick, Salas-Mor. & Vovides	species				245		botanical		
246	Dioon califanoi	De Luca & Sabato	species				246		botanical		
247	Dioon caputoi	De Luca, Sabato & Vázq.Torres	species				247		botanical		
248	Dioon edule	Lindl.	species				248		botanical		
249	Dioon edule f. angustifolium	(Miq.) Miq.	f.				249		botanical		
697	Dioon edule f. edule		f.				697		botanical		
250	Dioon edule subsp. angustifolium	(Miq.) A.E.Murray	subsp.				250		botanical		
698	Dioon edule subsp. edule		subsp.				698		botanical		
251	Dioon edule var. angustifolium	(Miq.) Miq.	var.				251		botanical		
699	Dioon edule var. edule		var.				699		botanical		
252	Dioon edule var. lanuginosum	Wittm.	var.				252		botanical		
253	Dioon edule var. latipinnium	Dyer	var.				253		botanical		
254	Dioon edule var. sonorense	(De Luca, Sabato & Vázq.Torres) McVaugh & Pérez de la Rosa	var.				254		botanical		
255	Dioon holmgrenii	De Luca, Sabato & Vázq.Torres	species				255		botanical		
256	Dioon imbricatum	Miq.	species				256		botanical		
257	Dioon mejiae	Standl. & L.O.Williams	species				257		botanical		
258	Dioon merolae	De Luca, Sabato & Vázq.Torres	species				258		botanical		
740	Dioon planifolium	Salas-Mor., Chemnick & T.J.Greg.	species				740		botanical		
259	Dioon purpusii	Rose	species				259		botanical		
260	Dioon rzedowskii	De Luca, A.Moretti, Sabato & Vázq.Torres	species				260		botanical		
261	Dioon sonorense	(De Luca, Sabato & Vázq.Torres) Chemnick, T.J.Greg. & Salas-Mor.	species				261		botanical		
262	Dioon spinulosum	Dyer ex Eichler	species				262		botanical		
263	Dioon stevensonii	Nic.-Mor. & Vovides	species				263		botanical		
264	Dioon strobilaceum	Lem. ex A.DC.	species				264		botanical		
265	Dioon tomasellii	De Luca, Sabato & Vázq.Torres	species				265		botanical		
266	Dioon tomasellii var. sonorense	De Luca, Sabato & Vázq.Torres	var.				266		botanical		
700	Dioon tomasellii var. tomasellii		var.				700		botanical		
827	Dioon vovidesii	Gut.Ortega & Pérez-Farr.	species				827		botanical		
270	Dipsacozamia mexicana	Liebm. ex Dyer	species				270		botanical	unavailable	
269	Dyerocycas micholitzii	(Dyer) Nakai	species				269		botanical		
428	Encephalartos acanthus	Mast.	species				428		botanical		
271	Encephalartos aemulans	Vorster	species				271		botanical		
272	Encephalartos altensteinii	Lehm.	species				272		botanical		
701	Encephalartos altensteinii var. altensteinii		var.				701		botanical		
590	Encephalartos altensteinii var. angustifolius	Miq.	var.				590		botanical		
649	Encephalartos altensteinii var. bispinnus	J.M.Wood	var.				649		botanical		
612	Encephalartos altensteinii var. distans	Regel	var.				612		botanical		
636	Encephalartos altensteinii var. eriocephalus	de Vriese	var.				636		botanical		
619	Encephalartos altensteinii var. grandis	Regel	var.				619		botanical		
617	Encephalartos altensteinii var. macrophyllus	Regel	var.				617		botanical		
613	Encephalartos altensteinii var. parvifolius	Regel	var.				613		botanical		
611	Encephalartos altensteinii var. paucidentatus	Regel	var.				611		botanical		
591	Encephalartos altensteinii var. semidentatus	Miq.	var.				591		botanical		
618	Encephalartos altensteinii var. spinosior	Regel	var.				618		botanical		
273	Encephalartos aplanatus	Vorster	species				273		botanical		
274	Encephalartos arenarius	R.A.Dyer	species				274		botanical		
275	Encephalartos barteri	Carruth. ex Miq.	species				275		botanical		
276	Encephalartos barteri subsp. allochrous	L.E.Newton	subsp.				276		botanical		
578	Encephalartos barteri subsp. barteri		subsp.				578		botanical		
277	Encephalartos brachyphyllus	Lehm. & de Vriese	species				277		botanical		
278	Encephalartos brevifoliolatus	Vorster	species				278		botanical		
279	Encephalartos bubalinus	Melville	species				279		botanical		
280	Encephalartos caffer	(Thunb.) Lehm.	species				280		botanical		
625	Encephalartos caffer var. brachyphyllus	(Lehm. & de Vriese) Miq.	var.				625		botanical		
702	Encephalartos caffer var. caffer		var.				702		botanical		
609	Encephalartos caffer var. integrifolius	Regel	var.				609		botanical		
610	Encephalartos caffer var. unidentatus	Regel	var.				610		botanical		
281	Encephalartos cerinus	Lavranos & D.L.Goode	species				281		botanical		
282	Encephalartos chimanimaniensis	R.A.Dyer & I.Verd.	species				282		botanical		
283	Encephalartos concinnus	R.A.Dyer & I.Verd.	species				283		botanical		
284	Encephalartos cupidus	R.A.Dyer	species				284		botanical		
285	Encephalartos cycadifolius	(Jacq.) Lehm.	species				285		botanical		
703	Encephalartos cycadifolius var. cycadifolius		var.				703		botanical		
606	Encephalartos cycadifolius var. friderici-guilielmi	(Lehm.) Regel	var.				606		botanical		
607	Encephalartos cycadifolius var. glaber	Regel	var.				607		botanical		
624	Encephalartos cycadis	Sweet	species				624		botanical	unavailable	
286	Encephalartos delucanus	Malaisse, Sclavo & Crosiers	species				286		botanical		
601	Encephalartos denisonii	(C.Moore & F.Muell.) F.Muell.	species				601		botanical		
287	Encephalartos dolomiticus	Lavranos & D.L.Goode	species				287		botanical		
637	Encephalartos douglasii	F.Muell.	species				637		botanical	unavailable	
648	Encephalartos dyeri	F.Muell.	species				648		botanical		
288	Encephalartos dyerianus	Lavranos & D.L.Goode	species				288		botanical		
268	Encephalartos elongatus	Lehm.	species				268		botanical		
289	Encephalartos equatorialis	P.J.H.Hurter	species				289		botanical		
290	Encephalartos eugene-maraisii	I.Verd.	species				290		botanical		
642	Encephalartos eugene-maraisii subsp. eugene-maraisii		subsp.				642		botanical		
291	Encephalartos eugene-maraisii subsp. middelburgensis	Lavranos & D.L.Goode	subsp.				291		botanical		
292	Encephalartos eximius	I.Verd.	species				292		botanical		
293	Encephalartos ferox	G.Bertol	species				293		botanical		
659	Encephalartos ferox subsp. emersus	P.Rousseau, Vorster & A.E.van Wyk	subsp.				659		botanical		
658	Encephalartos ferox subsp. ferox		subsp.				658		botanical		
294	Encephalartos flavistrobilus	I.Turner & Sclavo	species				294		botanical		
596	Encephalartos fraseri	(Miq.) Miq.	species				596		botanical		
295	Encephalartos friderici-guilielmi	Lehm.	species				295		botanical		
296	Encephalartos ghellinckii	Lem.	species				296		botanical		
362	Encephalartos gracilis	Mast.	species				362		botanical		
297	Encephalartos graniticola	Vorster, Robbertse & S.van der Westh.	species				297		botanical		
298	Encephalartos gratus	Prain	species				298		botanical		
704	Encephalartos gratus var. gratus		var.				704		botanical		
638	Encephalartos gratus var. manikensis	Gilliland	var.				638		botanical		
299	Encephalartos heenanii	R.A.Dyer	species				299		botanical		
300	Encephalartos hildebrandtii	A.Braun & C.D.Bouché	species				300		botanical		
301	Encephalartos hildebrandtii var. dentatus	Melville	var.				301		botanical		
643	Encephalartos hildebrandtii var. hildebrandtii		var.				643		botanical		
302	Encephalartos hirsutus	P.J.H.Hurter	species				302		botanical		
303	Encephalartos horridus	(Jacq.) Lehm.	species				303		botanical		
633	Encephalartos horridus var. hallianus	(de Vriese) Miq.	var.				633		botanical		
705	Encephalartos horridus var. horridus		var.				705		botanical		
635	Encephalartos horridus var. lanuginosus	(Jacq.) Miq.	var.				635		botanical		
626	Encephalartos horridus var. latifrons	(Lehm.) J.Schust.	var.				626		botanical	illegitimate	
634	Encephalartos horridus var. latifrons	(Lehm.) Miq.	var.				634		botanical		
627	Encephalartos horridus var. nanus	(Lehm.) J.Schust.	var.				627		botanical		
304	Encephalartos horridus var. trispinosus	Hook.	var.				304		botanical		
628	Encephalartos horridus var. van-hallii	(de Vriese) J.Schust.	var.				628		botanical	illegitimate	
305	Encephalartos humilis	I.Verd.	species				305		botanical		
306	Encephalartos imbricans	Vorster	species				306		botanical		
307	Encephalartos inopinus	R.A.Dyer	species				307		botanical		
308	Encephalartos ituriensis	Bamps & Lisowski	species				308		botanical		
309	Encephalartos kanga	Pócs & Q.Luke	species				309		botanical		
310	Encephalartos kisambo	Faden & Beentje	species				310		botanical		
311	Encephalartos kosiensis	Hutch.	species				311		botanical		
312	Encephalartos laevifolius	Stapf & Burtt Davy	species				312		botanical		
313	Encephalartos lanatus	Stapf & Burtt Davy	species				313		botanical		
314	Encephalartos lanuginosus	(Jacq.) Lehm.	species				314		botanical		
706	Encephalartos lanuginosus var. lanuginosus		var.				706		botanical		
594	Encephalartos lanuginosus var. tridens	Miq.	var.				594		botanical		
315	Encephalartos latifolius	Sweet	species				315		botanical	unavailable	
316	Encephalartos latifrons	Lehm.	species				316		botanical		
317	Encephalartos laurentianus	De Wild.	species				317		botanical		
318	Encephalartos lebomboensis	I.Verd.	species				318		botanical		
319	Encephalartos lehmannii	Lehm.	species				319		botanical		
629	Encephalartos lehmannii f. dentatus	Regel ex J.Schust.	f.				629		botanical		
707	Encephalartos lehmannii f. lehmannii		f.				707		botanical		
630	Encephalartos lehmannii f. spinulosus	(Lehm.) J.Schust.	f.				630		botanical		
708	Encephalartos lehmannii var. lehmannii		var.				708		botanical		
641	Encephalartos lehmannii var. spinulosus	(Lehm.) Miq.	var.				641		botanical		
320	Encephalartos lemarinelianus	De Wild. & T.Durand	species				320		botanical		
321	Encephalartos longifolius	(Jacq.) Lehm.	species				321		botanical		
593	Encephalartos longifolius var. angustifolius	Miq.	var.				593		botanical		
662	Encephalartos longifolius var. hookeri	Miq.	var.				662		botanical		
608	Encephalartos longifolius var. latifolius	Regel	var.				608		botanical		
709	Encephalartos longifolius var. longifolius		var.				709		botanical		
592	Encephalartos longifolius var. revolutus	Miq.	var.				592		botanical		
603	Encephalartos macdonnellii	F.Muell. ex Miq.	species				603		botanical		
728	Encephalartos mackenii	W.Bull	species				728		botanical		
322	Encephalartos mackenziei	L.E.Newton	species				322		botanical		
323	Encephalartos macrostrobilus	S.Jones & Wynants	species				323		botanical		
730	Encephalartos majesticus	W.Bull	species				730		botanical		
324	Encephalartos manikensis	(Gilliland) Gilliland	species				324		botanical		
325	Encephalartos marumii	de Vriese	species				325		botanical		
326	Encephalartos marunguensis	Devred	species				326		botanical		
327	Encephalartos mauritianus	Miq.	species				327		botanical		
328	Encephalartos middelburgensis	Vorster, Robbertse & S.van der Westh.	species				328		botanical		
639	Encephalartos miquelii	F.Muell.	species				639		botanical		
640	Encephalartos moorei	(F.Muell.) F.Muell.	species				640		botanical		
329	Encephalartos msinganus	Vorster	species				329		botanical		
330	Encephalartos munchii	R.A.Dyer & I.Verd.	species				330		botanical		
331	Encephalartos nanus	Lehm.	species				331		botanical		
332	Encephalartos natalensis	R.A.Dyer & I.Verd.	species				332		botanical		
333	Encephalartos ngoyanus	I.Verd.	species				333		botanical		
334	Encephalartos nubimontanus	P.J.H.Hurter	species				334		botanical		
600	Encephalartos oldfieldii	Miq.	species				600		botanical		
335	Encephalartos paucidentatus	Stapf & Burtt Davy	species				335		botanical		
602	Encephalartos pauli-guilielmi	(W.Hill & F.Muell.) F.Muell.	species				602		botanical		
336	Encephalartos poggei	Asch.	species				336		botanical		
597	Encephalartos preisii	(Lehm.) F.Muell.	species				597		botanical		
337	Encephalartos princeps	R.A.Dyer	species				337		botanical		
620	Encephalartos pruniferus	Sweet	species				620		botanical	unavailable	
338	Encephalartos pterogonus	R.A.Dyer & I.Verd.	species				338		botanical		
623	Encephalartos pumilus	Sweet	species				623		botanical	unavailable	
339	Encephalartos pungens	(L.f.) Lehm.	species				339		botanical	doubtful	
650	Encephalartos regalis	W.Bull	species				650		botanical		
340	Encephalartos relictus	P.J.H.Hurter	species				340		botanical		
621	Encephalartos repandus	Sweet	species				621		botanical	unavailable	
341	Encephalartos schaijesii	Malaisse, Sclavo & Crosiers	species				341		botanical		
342	Encephalartos schmitzii	Malaisse	species				342		botanical		
267	Encephalartos sclavoi	De Luca, D.W.Stev. & A.Moretti	species				267		botanical	illegitimate	
343	Encephalartos sclavoi	A.Moretti, D.W.Stev. & De Luca	species				343		botanical		
344	Encephalartos senticosus	Vorster	species				344		botanical		
345	Encephalartos septentrionalis	Schweinf.	species				345		botanical		
346	Encephalartos spinulosus	Lehm.	species				346		botanical	doubtful	
589	Encephalartos spiralis	(Salisb.) Lehm.	species				589		botanical		
644	Encephalartos spiralis var. diplomera	F.Muell.	var.				644		botanical		
598	Encephalartos spiralis var. major	Miq.	var.				598		botanical		
710	Encephalartos spiralis var. spiralis		var.				710		botanical		
347	Encephalartos striatus	Stapf & Burtt Davy	species				347		botanical		
348	Encephalartos successibus	Vorster	species				348		botanical		
349	Encephalartos tegulaneus	Melville	species				349		botanical		
350	Encephalartos tegulaneus subsp. powysii	Miringu & Beentje	subsp.				350		botanical		
579	Encephalartos tegulaneus subsp. tegulaneus		subsp.				579		botanical		
351	Encephalartos transvenosus	Stapf & Burtt Davy	species				351		botanical		
352	Encephalartos tridentatus	(Willd.) Lehm.	species				352		botanical		
353	Encephalartos trispinosus	(Hook.) R.A.Dyer	species				353		botanical		
354	Encephalartos turneri	Lavranos & D.L.Goode	species				354		botanical		
355	Encephalartos umbeluziensis	R.A.Dyer	species				355		botanical		
631	Encephalartos van-hallii	de Vriese	species				631		botanical		
356	Encephalartos venetus	Vorster	species				356		botanical		
357	Encephalartos verrucosus	Vorster, Robbertse & S.van der Westh.	species				357		botanical		
605	Encephalartos verschaffeltii	Regel	species				605		botanical		
358	Encephalartos villosus	Lem.	species				358		botanical		
647	Encephalartos villosus f. hildebrandtii	(Regalado & C.D.Bouché) P.Hennings	f.				647		botanical		
646	Encephalartos villosus f. intermedius	P.Hennings	f.				646		botanical		
711	Encephalartos villosus f. villosus		f.				711		botanical		
731	Encephalartos villosus var. amplicatus	W.Bull	var.				731		botanical		
645	Encephalartos villosus var. nobilis	Auct.	var.				645		botanical	unavailable	
712	Encephalartos villosus var. villosus		var.				712		botanical		
359	Encephalartos voiensis	A.Moretti, D.W.Stev. & Sclavo	species				359		botanical		
370	Encephalartos vroomii	Mast.	species				370		botanical		
360	Encephalartos whitelockii	P.J.H.Hurter	species				360		botanical		
361	Encephalartos woodii	Sander ex J.M.Wood	species				361		botanical		
739	Encephalartos woodii	Sander	species				739		botanical	unavailable	
363	Epicycas elongata	(Leandri) S.L.Yang ex de Laub.	species				363		botanical		
364	Epicycas lindstromii	(S.L.Yang, K.D.Hill & T.H.Nguyên) de Laub.	species				364		botanical		
365	Epicycas micholitzii	(Dyer) de Laub.	species				365		botanical		
366	Epicycas miquelii	(Warb.) de Laub.	species				366		botanical		
367	Epicycas multipinnata	(C.J.Chen & S.Y.Yang) de Laub.	species				367		botanical		
368	Epicycas siamensis	(Miq.) de Laub.	species				368		botanical		
369	Epicycas tonkinensis	(L.Linden & Rodigas) de Laub.	species				369		botanical		
604	Lepidozamia denisonii	(C.Moore & F.Muell.) Regel	species				604		botanical		
371	Lepidozamia hopei	Regel	species				371		botanical		
372	Lepidozamia peroffskyana	Regel	species				372		botanical		
373	Lomaria eriopus	Kunze	species				373		botanical		
375	Macrozamia cardiacensis	P.I.Forst. & D.L.Jones	species				375		botanical		
376	Macrozamia communis	L.A.S.Johnson	species				376		botanical		
377	Macrozamia concinna	D.L.Jones	species				377		botanical		
378	Macrozamia conferta	D.L.Jones & P.I.Forst.	species				378		botanical		
379	Macrozamia corallipes	Hook.f.	species				379		botanical		
733	Macrozamia corallipes var. gyrata	W.Bull	var.				733		botanical		
380	Macrozamia cranei	D.L.Jones & P.I.Forst.	species				380		botanical		
381	Macrozamia crassifolia	P.I.Forst. & D.L.Jones	species				381		botanical		
382	Macrozamia cylindrica	C.Moore	species				382		botanical	illegitimate	
615	Macrozamia cylindrica	W.Bull	species				615		botanical		
383	Macrozamia denisonii	C.Moore & F.Muell.	species				383		botanical		
384	Macrozamia diplomera	(F.Muell.) L.A.S.Johnson	species				384		botanical		
385	Macrozamia douglasii	W.Hill ex F.M.Bailey	species				385		botanical		
386	Macrozamia dyeri	(F.Muell.) C.A.Gardner	species				386		botanical		
735	Macrozamia eburnea	W.Bull	species				735		botanical		
387	Macrozamia elegans	K.D.Hill & D.L.Jones	species				387		botanical		
734	Macrozamia elegantissima	W.Bull	species				734		botanical		
388	Macrozamia fawcettii	C.Moore	species				388		botanical		
389	Macrozamia fearnsidei	D.L.Jones	species				389		botanical		
390	Macrozamia flexuosa	C.Moore	species				390		botanical		
391	Macrozamia fraseri	Miq.	species				391		botanical		
392	Macrozamia glaucophylla	D.L.Jones	species				392		botanical		
393	Macrozamia heteromera	C.Moore	species				393		botanical		
394	Macrozamia hopei	C.Moore	species				394		botanical	unavailable	
586	Macrozamia hopei	W.Hill	species				586		botanical		
395	Macrozamia humilis	D.L.Jones	species				395		botanical		
396	Macrozamia johnsonii	D.L.Jones & K.D.Hill	species				396		botanical		
397	Macrozamia lomandroides	D.L.Jones	species				397		botanical		
398	Macrozamia longispina	P.I.Forst. & D.L.Jones	species				398		botanical		
399	Macrozamia lucida	L.A.S.Johnson	species				399		botanical		
400	Macrozamia macdonnellii	(F.Muell. ex Miq.) A.DC.	species				400		botanical		
401	Macrozamia machinii	P.I.Forst. & D.L.Jones	species				401		botanical		
402	Macrozamia mackenziei	Mast.	species				402		botanical	illegitimate	
738	Macrozamia mackenziei	W.Bull	species				738		botanical		
403	Macrozamia macleayi	Miq.	species				403		botanical		
404	Macrozamia miquelii	(F.Muell.) A.DC.	species				404		botanical		
405	Macrozamia montana	K.D.Hill	species				405		botanical		
406	Macrozamia moorei	F.Muell.	species				406		botanical		
407	Macrozamia mountperriensis	F.M.Bailey	species				407		botanical		
408	Macrozamia occidua	D.L.Jones & P.I.Forst.	species				408		botanical		
409	Macrozamia oldfieldii	(Miq.) A.DC.	species				409		botanical		
410	Macrozamia parcifolia	P.I.Forst. & D.L.Jones	species				410		botanical		
411	Macrozamia pauli-guilielmi	W.Hill & F.Muell.	species				411		botanical		
412	Macrozamia pauli-guilielmi subsp. flexuosa	(C.Moore) L.A.S.Johnson	subsp.				412		botanical		
713	Macrozamia pauli-guilielmi subsp. pauli-guilielmi		subsp.				713		botanical		
413	Macrozamia pauli-guilielmi subsp. plurinervia	L.A.S.Johnson	subsp.				413		botanical		
414	Macrozamia peroffskyana	(Regel) Miq.	species				414		botanical		
415	Macrozamia platyrhachis	F.M.Bailey	species				415		botanical		
616	Macrozamia plumosa	W.Bull	species				616		botanical		
416	Macrozamia plurinervia	(L.A.S.Johnson) D.L.Jones	species				416		botanical		
417	Macrozamia polymorpha	D.L.Jones	species				417		botanical		
599	Macrozamia preissii	Lehm.	species				599		botanical		
419	Macrozamia reducta	K.D.Hill & D.L.Jones	species				419		botanical		
420	Macrozamia riedlei	(Gaudich.) C.A.Gardner	species				420		botanical		
421	Macrozamia secunda	C.Moore	species				421		botanical		
422	Macrozamia serpentina	D.L.Jones & P.I.Forst.	species				422		botanical		
423	Macrozamia spiralis	(Salisb.) Miq.	species				423		botanical		
736	Macrozamia spiralis var. eburnea	W.Bull	var.				736		botanical		
732	Macrozamia spiralis var. princeps	W.Bull	var.				732		botanical		
424	Macrozamia stenomera	L.A.S.Johnson	species				424		botanical		
588	Macrozamia tridentata	(Willd.) Regel	species				588		botanical		
425	Macrozamia viridis	D.L.Jones & P.I.Forst.	species				425		botanical		
427	Microcycas calocoma	(Miq.) A.DC.	species				427		botanical		
748	Palmifolium angustifolium	(Jacq.) Kuntze	species				748		botanical		
749	Palmifolium angustissimum	(Miq.) Kuntze	species				749		botanical		
750	Palmifolium bolivianum	(Brongn.) Kuntze	species				750		botanical		
751	Palmifolium chigua	(Seem.) Kuntze	species				751		botanical		
752	Palmifolium debile	(Aiton) Kuntze	species				752		botanical		
753	Palmifolium fischeri	(Miq.) Kuntze	species				753		botanical		
754	Palmifolium floridanum	(A.DC.) Kuntze	species				754		botanical		
755	Palmifolium furfuraceum	(L.f.) Kuntze	species				755		botanical		
756	Palmifolium galeotti	(de Vriese) Kuntze	species				756		botanical		
757	Palmifolium integrifolium	(L.f.) Kuntze	species				757		botanical		
758	Palmifolium kickxii	(Miq.) Kuntze	species				758		botanical		
759	Palmifolium latifolium	(Lodd. ex Miq.) Kuntze	species				759		botanical		
760	Palmifolium loddigesii	(Miq.) Kuntze	species				760		botanical		
761	Palmifolium medium	(Jacq.) Kuntze	species				761		botanical		
762	Palmifolium mexicanum	(Miq.) Kuntze	species				762		botanical		
763	Palmifolium multifoliolatum	(A.DC.) Kuntze	species				763		botanical		
764	Palmifolium muricatum	(Willd.) Kuntze	species				764		botanical		
765	Palmifolium ottonis	(Miq.) Kuntze	species				765		botanical		
766	Palmifolium poeppigianum	(Mart. & Eichler) Kuntze	species				766		botanical		
767	Palmifolium pseudoparasiticum	(J.Yates) Kuntze	species				767		botanical		
768	Palmifolium pumilum	(L.) Kuntze	species				768		botanical		
769	Palmifolium pygmaeum	(Sims) Kuntze	species				769		botanical		
770	Palmifolium skinneri	(Warsz. ex A.Dietr.) Kuntze	species				770		botanical		
771	Palmifolium sparteum	(A.DC.) Kuntze	species				771		botanical		
772	Palmifolium strictum	(Miq.) Kuntze	species				772		botanical		
773	Palmifolium tenue	(Willd.) Kuntze	species				773		botanical		
774	Palmifolium yatesii	(Miq.) Kuntze	species				774		botanical		
429	Platyzamia rigida	Zucc.	species				429		botanical		
430	Stangeria eriopus	(Kunze) Baill.	species				430		botanical		
431	Stangeria katzeri	Regel	species				431		botanical		
432	Stangeria paradoxa	T.Moore	species				432		botanical		
433	Stangeria schizodon	W.Bull	species				433		botanical		
436	Zamia acuminata	Oerst. ex Dyer	species				436		botanical		
437	Zamia allison-armourii	Millsp.	species				437		botanical		
438	Zamia amazonum	D.W.Stev.	species				438		botanical		
439	Zamia amblyphyllidia	D.W.Stev.	species				439		botanical		
440	Zamia amplifolia	W.Bull ex Mast.	species				440		botanical		
441	Zamia angustifolia	Jacq.	species				441		botanical		
715	Zamia angustifolia var. angustifolia		var.				715		botanical		
584	Zamia angustifolia var. angustissima	(Miq.) Regel	var.				584		botanical		
745	Zamia angustifolia var. floridana	(A.DC.) Regel	var.				745		botanical		
746	Zamia angustifolia var. stricta	(Miq.) Regel	var.				746		botanical		
583	Zamia angustifolia var. yatesii	(Miq.) Regel	var.				583		botanical		
442	Zamia angustissima	Miq.	species				442		botanical		
51	Zamia baraquiniana	Hort. ex Regel	species				51		botanical	illegitimate	
443	Zamia baraquiniana	Mast.	species				443		botanical		
444	Zamia boliviana	(Brongn.) A.DC.	species				444		botanical		
445	Zamia brongniartii	Wedd.	species				445		botanical	illegitimate	
446	Zamia bussellii	Schutzman, R.S.Adams, J.L.Haynes & Whitelock	species				446		botanical		
426	Zamia caffra	(Thunb.) Thunb.	species				426		botanical		
447	Zamia calocoma	Miq.	species				447		botanical		
448	Zamia chamberlainii	J.Schust.	species				448		botanical		
449	Zamia chigua	Seem.	species				449		botanical		
450	Zamia cremnophila	Vovides, Schutzman & Dehgan	species				450		botanical		
451	Zamia cunaria	Dressler & D.W.Stev.	species				451		botanical		
452	Zamia cupatiensis	Ducke	species				452		botanical		
453	Zamia cycadifolia	Dyer	species				453		botanical	illegitimate	
454	Zamia cycadifolia	Jacq.	species				454		botanical		
455	Zamia cycadifolia	S.Brunner	species				455		botanical	illegitimate	
456	Zamia cycadis	L.f.	species				456		botanical		
457	Zamia debilis	L.f.	species				457		botanical		
458	Zamia decumbens	Calonje, Meerman, M.P.Griff. & Hoese	species				458		botanical		
459	Zamia dentata	Voigt	species				459		botanical		
460	Zamia disodon	D.W.Stev. & Sabato	species				460		botanical		
461	Zamia dressleri	D.W.Stev.	species				461		botanical		
15	Zamia elegantissima	Schutzman, Vovides & R.S.Adams	species				15		botanical	unavailable	
462	Zamia elegantissima	Schutzman, Vovides & R.S.Adams	species				462		botanical		
463	Zamia encephalartoides	D.W.Stev.	species				463		botanical		
464	Zamia erosa	O.F.Cook & G.N.Collins	species				464		botanical		
465	Zamia fairchildiana	L.D.Gómez	species				465		botanical		
466	Zamia fischeri	Miq.	species				466		botanical		
467	Zamia floridana	A.DC.	species				467		botanical		
716	Zamia floridana var. floridana		var.				716		botanical		
787	Zamia floridana var. purshiana	J.Schust.	var.				787		botanical		
788	Zamia floridana var. purshiana f. silvicola	J.Schust.	f.				788		botanical		
242	Zamia floridana var. umbrosa	(Small) D.B.Ward	var.				242		botanical		
468	Zamia furfuracea	L.f.	species				468		botanical		
717	Zamia furfuracea var. furfuracea		var.				717		botanical		
469	Zamia furfuracea var. trewii	Miq.	var.				469		botanical		
470	Zamia galeotti	de Vriese	species				470		botanical		
471	Zamia gentryi	Dodson	species				471		botanical		
472	Zamia gomeziana	R.H.Acuña	species				472		botanical		
473	Zamia grijalvensis	Pérez-Farr., Vovides & Mart.-Camilo	species				473		botanical		
474	Zamia guggenheimiana	Carabia	species				474		botanical		
475	Zamia gutierrezii	Sauvalle	species				475		botanical		
476	Zamia hamannii	A.S.Taylor, J.L.Haynes & Holzman	species				476		botanical		
477	Zamia herrerae	S.Calderón & Standl.	species				477		botanical		
478	Zamia horrida	Jacq.	species				478		botanical		
479	Zamia huilensis	Calonje, H.E.Esquivel & D.W.Stev.	species				479		botanical		
480	Zamia humilis	Salisb.	species				480		botanical	illegitimate	
481	Zamia hymenophyllidia	D.W.Stev.	species				481		botanical		
482	Zamia imperialis	A.S.Taylor, J.L.Haynes & Holzman	species				482		botanical		
483	Zamia incognita	A.Lindstr. & Idárraga	species				483		botanical		
484	Zamia inermis	Vovides, J.D.Rees & Vázq.Torres	species				484		botanical		
485	Zamia integrifolia	L.f.	species				485		botanical		
821	Zamia integrifolia var. broomei	D.B.Ward	var.				821		botanical		
822	Zamia integrifolia var. floridana	(A.DC.) D.B.Ward	var.				822		botanical		
823	Zamia integrifolia var. integrifolia		var.				823		botanical		
824	Zamia integrifolia var. silvicola	(Small) D.B.Ward	var.				824		botanical		
825	Zamia integrifolia var. umbrosa	(Small) D.B.Ward	var.				825		botanical		
486	Zamia ipetiensis	D.W.Stev.	species				486		botanical		
487	Zamia jirijirimensis	R.E.Schult.	species				487		botanical		
488	Zamia katzeriana	(Regel) E.Rettig	species				488		botanical		
489	Zamia kickxii	Miq.	species				489		botanical		
490	Zamia lacandona	Schutzman & Vovides	species				490		botanical		
491	Zamia laeta	Salisb.	species				491		botanical	illegitimate	
492	Zamia lanuginosa	Jacq.	species				492		botanical		
493	Zamia latifolia	Lodd. ex Miq.	species				493		botanical		
494	Zamia latifoliolata	Prenlel.	species				494		botanical		
495	Zamia lawsoniana	Dyer	species				495		botanical		
496	Zamia lecointei	Ducke	species				496		botanical		
497	Zamia leiboldii	Miq.	species				497		botanical		
498	Zamia leiboldii var. angustifolia	Regel	var.				498		botanical		
499	Zamia leiboldii var. latifolia	Regel	var.				499		botanical		
718	Zamia leiboldii var. leiboldii		var.				718		botanical		
500	Zamia lindenii	Regel ex André	species				500		botanical		
501	Zamia lindleyi	Warsz. ex A.Dietr.	species				501		botanical		
826	Zamia lindosensis	D.W.Stev., D.Cárdenas & N.Castaño	species				826		botanical		
502	Zamia loddigesii	Miq.	species				502		botanical		
503	Zamia loddigesii var. angustifolia	Regel	var.				503		botanical		
719	Zamia loddigesii var. loddigesii		var.				719		botanical		
504	Zamia loddigesii var. longifolia	J.Schust.	var.				504		botanical		
505	Zamia loddigesii var. obtusifolia	Regel	var.				505		botanical		
506	Zamia longifolia	Jacq.	species				506		botanical		
507	Zamia lucayana	Britton	species				507		botanical		
508	Zamia macrochiera	D.W.Stev.	species				508		botanical		
509	Zamia madida	R.E.Schult.	species				509		botanical		
510	Zamia maelenii	Miq.	species				510		botanical		
511	Zamia manicata	Linden ex Regel	species				511		botanical		
512	Zamia media	Jacq.	species				512		botanical		
775	Zamia media var. commeliniana	J.Schust.	var.				775		botanical		
777	Zamia media var. commeliniana f. silicea	J.Schust.	f.				777		botanical		
780	Zamia media var. gutierrezii	(Sauvalle) J.Schust.	var.				780		botanical		
781	Zamia media var. gutierrezii f. calcicola	(Sauvalle) J.Schust.	f.				781		botanical		
776	Zamia media var. jacquiniana	J.Schust.	var.				776		botanical		
782	Zamia media var. jacquiniana f. brevipinnata	J.Schust.	f.				782		botanical		
779	Zamia media var. portoricensis	(Urb.) J.Schust.	var.				779		botanical		
778	Zamia media var. tenuis	(Willd.) J.Schust.	var.				778		botanical		
513	Zamia meermanii	Calonje	species				513		botanical		
514	Zamia melanorrhachis	D.W.Stev.	species				514		botanical		
515	Zamia mexicana	Miq.	species				515		botanical		
737	Zamia miquelii	W.Bull	species				737		botanical		
516	Zamia montana	Braun	species				516		botanical		
517	Zamia monticola	Chamb.	species				517		botanical		
518	Zamia multifoliolata	A.DC.	species				518		botanical		
519	Zamia muricata	Willd.	species				519		botanical		
520	Zamia muricata var. angustifolia	Miq.	var.				520		botanical		
720	Zamia muricata var. muricata		var.				720		botanical		
521	Zamia muricata var. obtustifolia	Miq.	var.				521		botanical		
434	Zamia nana	A.Lindstr., Calonje, D.W.Stev. & A.S.Taylor	species				434		botanical		
435	Zamia nana	de Vriese	species				435		botanical	unavailable	
522	Zamia nesophila	A.S.Taylor, J.L.Haynes & Holzman	species				522		botanical		
523	Zamia neurophyllidia	D.W.Stev.	species				523		botanical		
524	Zamia noeffiana	Linden ex Wittm.	species				524		botanical	doubtful	
525	Zamia obidensis	Ducke	species				525		botanical		
526	Zamia obliqua	A.Braun	species				526		botanical		
527	Zamia obliqua	Regel ex Ducos	species				527		botanical	illegitimate	
528	Zamia oligodonta	E.Calderón & D.W.Stev.	species				528		botanical		
529	Zamia onan-reyesii	C.Nelson & Sandoval	species				529		botanical		
530	Zamia oreillyi	C.Nelson	species				530		botanical		
531	Zamia ottonis	Miq.	species				531		botanical		
532	Zamia pallida	Salisb.	species				532		botanical	illegitimate	
582	Zamia parasitica	Poepp. ex Eichler	species				582		botanical	unavailable	
830	Zamia paucifoliolata	Calonje	species				830		botanical		
533	Zamia paucijuga	Wieland	species				533		botanical		
534	Zamia picta	Dyer	species				534		botanical		
535	Zamia poeppigiana	Mart. & Eichler	species				535		botanical		
536	Zamia polymorpha	D.W.Stev., A.Moretti & Vázq.Torres	species				536		botanical		
537	Zamia portoricensis	Urb.	species				537		botanical		
538	Zamia potemkinii	Hort. ex Miq.	species				538		botanical	doubtful	
539	Zamia prasina	W.Bull	species				539		botanical		
654	Zamia princeps	Rob.	species				654		botanical		
48	Zamia pseudomonticola	L.D.Gómez	species				48		botanical	unavailable	
540	Zamia pseudomonticola	L.D.Gómez ex D.W.Stev. & Sabato	species				540		botanical		
541	Zamia pseudoparasitica	J.Yates	species				541		botanical		
542	Zamia pumila	L.	species				542		botanical		
819	Zamia pumila subsp. pumila		subsp.				819		botanical		
783	Zamia pumila subsp. pygmaea	(Sims) Eckenw.	subsp.				783		botanical		
543	Zamia pungens	L.f.	species				543		botanical		
544	Zamia purpurea	Vovides, J.D.Rees & Vázq.Torres	species				544		botanical		
545	Zamia pygmaea	Sims	species				545		botanical		
784	Zamia pygmaea var. kickxii	(Miq.) J.Schust.	var.				784		botanical		
785	Zamia pygmaea var. ottonis	(Miq.) J.Schust.	var.				785		botanical		
786	Zamia pygmaea var. wrightii	Miq.	var.				786		botanical		
546	Zamia pyrophylla	Calonje, D.W.Stev. & A.Lindstr.	species				546		botanical		
547	Zamia restrepoi	(D.W.Stev.) A.Lindstr.	species				547		botanical		
548	Zamia roezlii	Linden	species				548		botanical		
549	Zamia sandovalii	C.Nelson	species				549		botanical		
550	Zamia silicea	Britton	species				550		botanical		
551	Zamia silvicola	Small	species				551		botanical		
552	Zamia skinneri	Warsz. ex A.Dietr.	species				552		botanical		
553	Zamia soconuscensis	Schutzman, Vovides & Dehgan	species				553		botanical		
554	Zamia spartea	A.DC.	species				554		botanical		
580	Zamia spiralis	Salisb.	species				580		botanical		
555	Zamia splendens	Schutzman	species				555		botanical		
556	Zamia standleyi	Schutzman	species				556		botanical		
557	Zamia stevensonii	A.S.Taylor & Holzman	species				557		botanical		
558	Zamia stricta	Miq.	species				558		botanical		
559	Zamia sylvatica	Chamb.	species				559		botanical		
729	Zamia tenuifolia	W.Bull	species				729		botanical		
560	Zamia tenuis	Willd.	species				560		botanical		
561	Zamia tolimensis	Calonje, H.E.Esquivel & D.W.Stev.	species				561		botanical		
581	Zamia tonkinensis	L.Linden & Rodigas	species				581		botanical		
587	Zamia tridentata	Willd.	species				587		botanical	doubtful	
562	Zamia tuerckheimii	Donn.Sm.	species				562		botanical		
563	Zamia ulei	Dammer	species				563		botanical		
652	Zamia ulei subsp. lecointei	(Ducke) Ducke	subsp.				652		botanical		
721	Zamia ulei subsp. ulei		subsp.				721		botanical		
564	Zamia umbrosa	Small	species				564		botanical		
565	Zamia urep	B.Walln.	species				565		botanical		
566	Zamia variegata	Warsz.	species				566		botanical		
567	Zamia vazquezii	D.W.Stev., Sabato & De Luca	species				567		botanical		
568	Zamia vernicosa	Mast.	species				568		botanical		
569	Zamia verschaffeltii	Miq.	species				569		botanical	doubtful	
8	Zamia wallisii	Braun	species				8		botanical		
1	Zamia wielandii	J.Schust.	species				1		botanical		
13	Zamia yatesii	Miq.	species				13		botanical		
