ID	citation	title	year	source	doi	link
2			1876	Gartenflora 25: 141		
3			1876	Gartenflora 25: 141		
4			1876	Gartenflora 25: 141		
5			1876	Gartenflora 25: 141		
6			1876	Gartenflora 25: 143		
7			1876	Gartenflora 25: 143		
9			1912	Bot. Gaz. 54: 419		
10			1863	Bot. Mag. 89: t. 5398		
11			1883	Syn. Queensl. Fl.: 501		
12			1878	Retail List [Bull] No. 143: 4, t. 5		
681			1878	Retail List [Bull] No. 143: 4		
14			1865	Gard. Chron. 22(47): 1107		
16			1999	Novon 9(3) 410-413, fig. 1		
17			2004	Bot. J. Linn. Soc. 146(1): 123-128, figs. 1-7		
18			1846	Ann. Sci. Nat., Bot. ser. 3, 5: 9		
19			1847	Tijdschr. Wis- Natuurk. Wetensch. Eerste Kl. Kon. Ned. Inst. Wetensch. 1(1): 41-42		
818			2017	Phytotaxa 317(1): 17-28		
20			2008	Bot. J. Linn. Soc. 157(2): 169-175, figs. 1-4		
21			2008	Novon 18(1): 109-114, fig. 1		
632			2013	Delpinoa 50-51: 129-133, figs. 1-5 (2008-2009 issued December 2013)		
22			1986	Brittonia 38(1): 17-26, figs. 1-5		
23			1878	Sci. Proc. Royal Dublin Soc., n.s., 2: 112-114		
374			1879	Retail List [Bull] No. 154: 4		
24			1979	Brittonia 31(3): 422-424, fig. 1		
25			2008	Cycad Newslett. 31 (2-3): 16-21, figs. 1-2		
26			2003	Bot. J. Linn. Soc. 141(3): 395-398, figs. 1-2		
27			1847	Tijdschr. Wis- Natuurk. Wetensch. Eerste Kl. Kon. Ned. Inst. Wetensch. 1(1): 40-41		
28			1876	Trudy Imp. S.-Peterburgsk. Bot. Sada 4(4): 298		
29			1857	Bull. Soc. Imp. Naturalistes Moscou 30(1): 187-188, t. 3, fig. 6; t. 4, fig. 22		
30			1847	Tijdschr. Wis- Natuurk. Wetensch. Eerste Kl. Kon. Ned. Inst. Wetensch. 1(1): 206		
31			1847	Tijdschr. Wis- Natuurk. Wetensch. Eerste Kl. Kon. Ned. Inst. Wetensch. 1(1): 40		
32			1939	Lloydia 2(2): 75-76		
33			1846	Ann. Sci. Nat., Bot. ser. 3, 5: 7-8, t.. 1 1		
743			1932	in Engler, Pflanzenr. 99: 132		
682			1884	Biol. Cent.-Amer., Bot. 3: 193		
585			1884	Biol. Cent.-Amer., Bot. 3: 193		
34			1884	Biol. Cent.-Amer., Bot. 3: 193		
35			1983	Madroño 30(1): 39-42		
36			1854	Index Palm.: 68		
37			2001	Bot. J. Linn. Soc. 137(1): 81-85, fig. 1-2		
38			1998	Phytologia 83(1): 47-52 (1997 publ. 1998)		
39			1998	Novon 8(1): 87-90, fig. 1		
40			1982	Brittonia 34(2): 181-184, figs. 1-2		
41			1847	Tijdschr. Wis-Natuurk. Wetensch. Eerste Kl. Kon. Ned. Inst. Wetensch. 1(1): 42-43		
42			1993	Novon 3(4): 502-504, fig. 1		
43			2009	Syst. Biodivers. 7(4): 433-443, figs. 3, 7		
817			2016	Phytotaxa 268(1): 25-45		
793			2016	Bot. Sci. 94(2): 419-429		
814			2017	Brittonia 69(4): 518. [epublished 31 May 2017]		
44			2007	Bot. J. Linn. Soc. 153(4): 393-400, figs. 1-6		
45			1996	Phytologia 79(1): 51-57 (1995 publ. 1996)		
46			1963	Brittonia 15(2): 175-176, figs. 1-4		
47			2001	Bot. J. Linn. Soc. 137(1): 77-80, fig.1		
49			1990	Mem. New York Bot. Gard. 57: 169-172, fig. 1i		
50			1990	Mem. New York Bot. Gard. 57: 169-172, figs. 1a-h		
52			2004	Bot. Rev. (Lancaster) 70(2): 149-150		
53			1998	Acta Sci. Nat. Univ. Sunyatseni 37(4): 6		
54			2008	Telopea 12(1): 130-132, fig. 3		
795			2015	Int. J. Innov. Sci. Res. 4 (1): 473-476		
55			1810	Prodr. Fl. Nov. Holland. 1: 348		
56			2006	Brittonia 58(2): 119-123, figs. 1-2		
57			1994	Austral. Syst. Bot. 7(6): 553-554, fig. 9		
58			1993	Telopea 5(2): 419-422		
59			1868	Arch. Néerl. Sci. Exact. Nat. 3: 235-236		
60			1994	Telopea 5(4): 693-696, fig. 1		
574			1996	Telopea 7(1): 43-44		
61			1996	Telopea 7(1): 44-46, fig. 20		
62			1996	Telopea 7(1): 46-47, fig. 21		
63			1996	Telopea 7(1): 20-21, fig. 9		
64			1981	Acta Phytotax. Sin. 19(3): 337		
829			2018	Mem. New York Bot. Gard. 117: 504518		
65			1900	Monsunia 1: 179		
66			1923	For. Dep. Bull., W. Austral. 32: 31		
67			1885	Trans. Linn. Soc. London, Bot. 2(5): 85-86, pl. 17		
68			1886	Ill. Hort. 33: 27, pl. 586		
69			2004	Bot. Rev. (Lancaster) 70(2): 161-163		
571			2008	Telopea 12(1): 104		
570			2008	Telopea 12(1): 104		
70			1994	Austral. Syst. Bot. 7(6): 557-560, fig. 11		
71			2004	Bot. Rev. (Lancaster) 70(2): 155-157, fig. 6		
72			0	Acta Sci. Nat. Univ. Sunyatseni 37(4): 8		
73			1992	Telopea 5(1): 200-201, fig. 15		
74			1775	Nova Acta Regiae Soc. Sci. Upsal. 2: 283-288, t. 5		
75			1876	Fragm. (Mueller) 10(83): 63, 121		
76			1978	J. Adelaide Bot. Gard. 1(3): 175, fig. 1		
77			1994	Austral. Syst. Bot. 7(6): 538-540		
79			1994	Telopea 5(4): 698-700, fig. 4a-d		
683			1994	Telopea 5(4): 698-700, fig. 4a-d		
78			1994	Telopea 5(4) : 699-700, fig. 4e-g		
80			2004	Telopea 10(2): 607-611, figs. 1-2		
81			2010	Blumea 55(3): 249-252, figs. 1-2		
82			1839	Bull. Sci. Phys. Nat. Néerl. 1839: 45		
83			1999	Brittonia 51(1): 58, fig. 6		
84			1925	Philipp. J. Sci. 26: 47-48, pls 1-2, fig. 1		
85			1998	Acta Phytotax. Sin. 36(6): 552-554, fig. 1		
665			2015	J. Syst. Evol. 53(6): 497. [epublished 15 Apr 2015]		
86			1931	Fl. Indo-Chine 5(10): 1092		
87			1753	Sp. Pl. 2: 1188		
684			1932	in Engler, Pflanzenr. 99: 66		
88			1932	in Engler, Pflanzenr. 99: 66		
89			1932	in Engler, Pflanzenr. 99: 66		
90			1932	in Engler, Pflanzenr. 99: 66		
685			1908	Pflanzenw. Ost-Afrikas 2(1): 82		
91			1932	in Engler, Pflanzenr. 99: 73		
722			1932	in Engler, Pflanzenr. 99: 74		
92			1932	in Engler, Pflanzenr. 99: 74		
93			1932	in Engler, Pflanzenr. 99: 70		
723			1932	in Engler, Pflanzenr. 99: 70		
94			1932	in Engler, Pflanzenr. 99: 70		
95			1932	in Engler, Pflanzenr. 99: 68		
96			1932	in Engler, Pflanzenr. 99: 69		
97			1932	in Engler, Pflanzenr. 99: 69		
98			1932	in Engler, Pflanzenr. 99: 69		
99			1932	in Engler, Pflanzenr. 99: 69		
724			1932	in Engler, Pflanzenr. 99: 69		
100			1932	in Engler, Pflanzenr. 99: 71, 73		
101			1908	Pflanzenw. Ost-Afrikas 2(1): 82		
726			1932	in Engler, Pflanzenr. 99: 66-67		
102			1932	in Engler, Pflanzenr. 99: 67		
103			1932	in Engler, Pflanzenr. 99: 68		
725			1932	in Engler, Pflanzenr. 99: 67		
104			1840	Comm. Phytogr.: 119		
686			1840	Comm. Phytogr.: 119		
105			1842	Monogr. Cycad.: 28. t. 1, figs. t, u, t II, fig. e1		
106			1924	Bot. Bihar Orissa 6: 1228		
107			1999	Brittonia 51(1): 62-63, fig. 8a-d, g-h		
687			1999	Brittonia 51(1): 64		
108			1999	Brittonia 51(1): 64, fig. 8e,f,i		
109			2004	Bot. Rev. (Lancaster) 70(2): 142-144, fig. 2		
797			1888	Bull. Soc. Bot. France 35: 246		
110			2004	Bot. Rev. (Lancaster) 70(2): 178-179, fig. 14		
111			1993	J. Adelaide Bot. Gard. 15(2): 147		
112			1992	Telopea 5(1): 197-198, fig. 13		
113			1999	Acta Sci. Nat. Univ. Sunyatseni 38(3): 121122		
114			2001	Austrobaileya 6(1): 153, figs. 1-5		
115			1995	Proc. Third Int. Conf. Cycad Biol.: 150		
792			2014	Indian J. Pl. Sci. [Jaipur] 3(2): 151-153, t. II		
116			1997	Acta Phytotax. Sin. 35(6): 571		
117			1995	Austrobaileya 4(3): 345-352, figs. 1-5		
812			2017	Nordic J. Bot. 35(1): 6976. doi:10.1111/njb.01284		
118			1995	Sichuan Forest. Surv. Design 1995(4): 1		
820			2017	Austrobaileya 10(1): 74-84		
119			2004	Bot. Rev. (Lancaster) 70(2): 157-160, fig. 7		
120			1998	Blumea 43(2): 372		
121			2003	Brittonia 54(4): 301, fig. 3 (2002 publ. 2003)		
122			1996	Cycads China: 51		
123			1996	Cycads China: 54		
124			1999	Kew Bull. 54(1): 209		
125			1994	Guihaia 14(4): 300, fig. 1		
126			2004	Bot. Rev. (Lancaster) 70(2): 145-146, figs. 2-3		
127			1918	J. Proc. Roy. Soc. Western Australia 3: 108		
128			1840	Comm. Phytogr.: 127		
129			1863	Verslagen Meded. Afd. Natuurk. Kon. Akad. Wetensch. 15: 366-367		
132			2008	J. Pl. Genet. Resources 9(4): 525-527		
130			1876	Trudy Imp. S.-Peterburgsk. Bot. Sada 4(4): 282		
688			1876	Trudy Imp. S.-Peterburgsk. Bot. Sada 4(4): 282		
131			1876	Trudy Imp. S.-Peterburgsk. Bot. Sada 4(4): 282		
133			1983	Acta Phytotax. Sin. 21(2): 209-210		
134			1975	Acta Phytotax. Sin. 13(4): 82, t. 2, figs. 5-6		
135			2004	Proc. Sixth Int. Conf. Cycad Biol.: 3		
689			2004	Proc. Sixth Int. Conf. Cycad Biol.: 3		
136			2004	Bot. Rev. (Lancaster) 70(2): 153-155, fig. 5		
137			1996	Cycads China: 62		
138			1849	Epimel. Bot.: 238		
139			1912	Bull. Misc. Inform. Kew 1912(10): 434-435		
140			2007	Telopea 11(4): 481-483, fig. 3		
141			1793	Fl. Cochinch. 2: 632		
142			1996	Cycads China: 65		
143			1854	Not. Pl. Asiat. 4: 9-10, pl. 360, figs. 1-2, pl. 362, fig. 1		
144			1882	Australas. Chem. Druggist: 16		
145			2008	Telopea 12(1): 136-138, fig. 5		
146			1923	For. Dep. Bull., W. Austral. 32: 30-32, fig. e		
653			2014	Nordic J. Bot. [epublished 10 Sep 2014, DOI: 10.1111/njb.00498]		
147			1997	Novon 7(2): 213-215, fig. 1		
148			2004	Bull. Bot. Res., Harbin 24(4): 387-388		
149			1999	Brittonia 51(1): 70-72, fig. 11		
150			1998	Acta Sci. Nat. Univ. Sunyatseni 37(4): 6		
151			1996	Cycads China: 68		
152			1997	Guihaia 17(3): 209		
153			1997	Acta Sci. Nat. Univ. Sunyatseni 36(3): 68		
154			1996	Telopea 7(1): 48-49, fig. 22		
155			1996	Telopea 7(1): 49-51		
575			1996	Telopea 7(1): 48-49, fig. 22		
156			1996	Telopea 7(1) : 51-52, fig. 23		
157			1854	Not. Pl. Asiat. 4: 11-14, pl. 362, fig. 2		
158			1840	Comm. Phytogr.: 127		
159			1810	Prodr. Fl. Nov. Holland. 1: 348		
160			1996	Telopea 7(1): 15-16		
161			1996	Telopea 7(1): 14-15, fig. 6		
576			1996	Telopea 7(1): 12-14, fig. 5		
800			1932	in Engler, Pflanzenr. 99: 78		
801			1932	in Engler, Pflanzenr. 99: 78		
798			1932	in Engler, Pflanzenr. 99: 78		
572			1996	Telopea 7(1): 3		
162			1992	Telopea 5(1): 188-189, fig. 5		
163			1905	Gard. Chron., ser. 3 38: 142-144, figs. 48-49		
690			1971	Nat. Hist. Bull. Siam Soc. 24: 164		
164			1971	Nat. Hist. Bull. Siam Soc. 24: 164, figs. 2-3, 4f		
165			1994	Austral. Syst. Bot. 7(6): 554-556, fig. 10		
166			1900	Monsunia 1: 179, 181		
167			2009	Telopea 12(3): 396-397, fig. 3		
168			1997	Acta Sci. Nat. Univ. Sunyatseni 36(3): 70		
169			1996	Cycads China: 80		
171			1996	Cycads China: 83		
170			1994	Acta Phytotax. Sin. 32(3): 239, 480-481		
172			1932	in Engler, Pflanzenr. 99: 76, fig. 10e		
674			2015	Asian J. Conservation Biol. 4(1): 3-14, figs. 4-6		
173			2008	Telopea 12(1): 142-143, fig. 6		
174			1999	Brittonia 51(1): 60-62, fig. 7		
175			1874	Fragm. (Mueller) 8(66): 169-171, Icon. 65-66		
176			1992	Telopea 5(1): 190-191, fig. 7		
177			1994	Telopea 5(4): 696-697, fig. 3		
673			2015	Asian J. Conservation Biol. 4(1): 3-14, figs. 1-3		
178			2004	Bot. Rev. (Lancaster) 70(2): 176-178, fig. 13		
179			1998	Acta Sci. Nat. Univ. Sunyatseni 37(4): 7		
180			1981	Acta Phytotax. Sin. 19(3): 335, t. 10, figs. 1-6; t. 11, figs. 1-10		
181			1876	Descr. Notes Papuan Pl. 4: 71-72		
182			1996	Cycads China: 93		
183			1826	Mem. Wern. Nat. Hist. Soc. 5(2): 322-323		
185			1995	Acta Bot. Yunnan. 17(4): 400		
184			1931	Fl. Indo-Chine 5(10): 1091		
691			1931	Fl. Indo-Chine 5(10): 1091		
186			2003	Brittonia 54(4): 299, fig. 1 (2002 publ. 2003)		
187			1992	Telopea 5(1): 193-194, fig. 9		
188			1999	Brittonia 51(1): 44-47, fig. 1		
189			1978	J. Adelaide Bot. Gard. 1(3): 177-178, fig. 2		
794			2015	Int. J. Curr. Res. Biosci. Plant Biol. 2 (8): 35-37		
190			1848	Rumphia 4: 16		
191			1782	Verh. Holl. Maatsch Weetensch. Haarlem 20(2): 424, 426-427		
192			1847	Tijdschr. Wis- Natuurk. Wetensch. Eerste Kl. Kon. Ned. Inst. Wetensch. 1(1): 207		
193			1842	Monogr. Cycad.: 2526		
194			1846	Abh. Math.-Phys. Cl. Königl. Bayer. Akad. Wiss. 14(3): 236		
692			1842	Monogr. Cycad.: 2526		
195			1927	Nuovo Giorn. Bot. Ital., n.s., 34: 324, 327		
741			1932	in Engler, Pflanzenr. 99: 84		
196			1863	Gartenflora 12: 16-17		
197			1839	Bull. Sci. Phys. Nat. Néerl. 2: 45		
693			1938	J. Jap. Bot. 14(9): 587		
198			1938	J. Jap. Bot. 14(9): 587		
799			1932	in Engler, Pflanzenr. 99: 75		
694			1932	in Engler, Pflanzenr. 99: 75		
199			1932	in Engler, Pflanzenr. 99: 75, figs. 10c-d, 11m		
200			1902	J. Linn. Soc., Bot. 26: 560		
695			1840	Comm. Phytogr.: 125-126		
802			1948	Agric. J. (Suva) 19: 94, f. 7		
201			1840	Comm. Phytogr.: 125-126		
595			2014	Indian J. Pl. Sci. [Jaipur] 3(1): 109-110, pl. 1		
202			2012	Blumea 57(2): 131		
203			2008	Telopea 12(1): 128-129, fig. 2		
204			1900	Fl. Schutzgeb. Südsee: 154-155		
205			1885	Vict. Naturalist 2(2): 18-19		
206			1876	Sitzungsber. Ges. Naturf. Freunde Berlin: 114-115		
207			1995	Encephalartos 43: 11-14		
208			1996	Telopea 7(1): 23-26, fig. 11		
209			1998	Acta Sci. Nat. Univ. Sunyatseni 37(4): 8		
815			2016	Asian J. Conservation Biol. 5(1): 55-58, figs. 1-2		
210			1996	Guihaia 16(1): 1		
211			2006	Bull. Bot. Res., Harbin 26(1): 2-3, fig. 1		
212			1995	Chin. Bull. Bot. 12: 12		
213			1863	Bot. Zeitung (Berlin) 21: 334		
214			1932	in Engler, Pflanzenr. 99: 81		
696			1932	in Engler, Pflanzenr. 99: 81		
215			1992	Telopea 5(1): 181-182, fig. 1		
216			1995	Proc. Third Int. Conf. Cycad Biol.: 150		
217			1832	Fl. Ind. (Roxburgh) 3: 747		
218			1997	Guihaia 17(3): 211		
796			1830	Hort. Brit. [Loudon]: 403		
219			2009	Telopea 12(3): 408-410, fig. 6		
220			2008	Bot. J. Linn. Soc. 158(3): 430-435		
221			1975	Acta Phytotax. Sin. 13(4): 81, t. 1, figs. 7-8		
222			2004	Proc. Sixth Int. Conf. Cycad Biol.: 2		
577			2004	Proc. Sixth Int. Conf. Cycad Biol.: 1-4		
223			1994	Bot. Bull. Acad. Sin. 35(2): 135-138		
224			1893	J. Bot. 31: 1-3, pl. 331		
225			1996	Cycads China: 134, fig. 4		
226			1999	Brittonia 51(1): 65-66		
227			2011	Austrobaileya 8(3): 356-363, t.1, figs. 1-4		
228			1826	Voy. Uranie, Bot.: 434		
229			1886	Ill. Hort. 33: 27		
230			2004	Bot. Rev. (Lancaster) 70(2): 168-170, fig. 10		
231			2007	Encephalartos 92: 17		
232			1996	Telopea 7(1): 20-23, fig. 10		
233			1829	Voy. Uranie, Bot.: 434		
234			2008	Telopea 12(1): 134-136, fig. 4		
235			1936	Philipp. J. Sci. 60(3): 234-236, pls 1-4		
236			1842	Monogr. Cycad.: 32		
237			1997	Acta Sci. Nat. Univ. Sunyatseni 36(3): 69		
238			1996	Telopea 7(1): 32-33, fig. 15		
239			1996	Telopea 7(1): 18-19, fig. 8		
240			2005	Blumea 50(3): 519-522. fig. 1.		
241			2002	Novon 12(2): 238		
243			1846	Catalog. Vanhoutt. 27: 45		
244			1847	Tijdschr. Wis- Natuurk. Wetensch. Eerste Kl. Kon. Ned. Inst. Wetensch. 1(1): 37-38		
245			2003	Bot. J. Linn. Soc. 141(4): 471-476, figs. 1-8		
246			1979	Brittonia 31(1): 170-172, figs. 2-3		
247			1980	Brittonia 32(1): 44-46, figs. 3-4		
248			1843	Edwardss Bot. Reg. 29: misc. 59-60		
249			1861	Prodr. Syst. Cycad.: 10, 22		
697			1861	Prodr. Syst. Cycad.: 10		
250			1983	Kalmia 13: 5		
698			1983	Kalmia 13: 5		
251			1868	Arch. Néerl. Sci. Exact. Nat. 3: 427		
699			1868	Arch. Néerl. Sci. Exact. Nat. 3: 427		
252			1899	Gartenflora 48: 153		
253			1884	Biol. Cent.-Amer., Bot. 3: 191, t. 81, figs. 1-3		
254			1992	Fl. Novo-Galiciana 17: 112		
255			1981	Brittonia 33(4): 552-554, figs. 1-2		
256			1847	Tijdschr. Wis- Natuurk. Wetensch. Eerste Kl. Kon. Ned. Inst. Wetensch. 1(1): 36		
257			1951	Ceiba 1(1): 36-38		
258			1981	Brittonia 33(2): 180-184, figs. 2-3		
740			2016	Cact. Succ. J. (Los Angeles)  88(1): 35-42		
259			1909	Contr. U.S. Natl. Herb. 12(7): 260-261		
260			1980	Brittonia 32(2): 225-229		
261			1998	Phytologia 83(1): 1-6 (1997 publ. 1998)		
262			1883	Gart.-Zeitung (Berlin) 2: 411-413, 438-439, fig. 80		
263			2009	Syst. Biodivers. 7(1): 73-79, figs. 1-2		
264			1868	Prodr. [A. P. de Candolle] 16(2): 537		
265			1984	Brittonia 36(3): 225-227, figs. 2-5		
266			1984	Brittonia 36(3): 226-227, figs. 2B, 3C, 5		
700			1984	Brittonia 36(3): 225-227		
827			2018	Phytotaxa 369(2): 109. 2018 [epublished 13 Sep 2018]		
270			1884	Biol. Cent.-Amer., Bot. 3: 192		
269			1943	Ord. Fam. Prof. Nakai: 208		
428			1878	Gard. Chron., n.s. 10(261): 810		
271			1990	S. African J. Bot. 56(2): 239-243		
272			1834	Nov. Stirp. Pug. 6: 11, t. 4-5		
701			1842	Monogr. Cycad.: 52		
590			1842	Monogr. Cycad.: 52		
649			1907	Ann. Rep. Bot. Gard. Natal: 8-9		
612			1874	Trudy Imp. S.-Peterburgsk. Bot. Sada 3(1): 114		
636			1846	Nederl. Kruidk Arch. 1:171-175		
619			1875	Gartenflora 24: 40		
617			1875	Gartenflora 24: 41		
613			1874	Trudy Imp. S.-Peterburgsk. Bot. Sada 3(1): 114		
611			1874	Trudy Imp. S.-Peterburgsk. Bot. Sada 3(1): 114		
591			1842	Monogr. Cycad.: 52		
618			1875	Gartenflora 24: 40		
273			1996	S. African J. Bot. 62: 57-60		
274			1956	J. S. African Bot. 22(1): 1-4		
275			1868	Arch. Néerl. Sci. Exact. Nat. 3: 243		
276			1978	J. Linn. Soc., Bot. 77(2): 125-129		
578			1978	J. Linn. Soc., Bot. 77(2): 125-129		
277			1838	Tijdschr. Natuurl. Gesch. Physiol. 4(4): 414, tt. 6-7		
278			1996	S. African J. Bot. 62(1): 61-64		
279			1957	Kew Bull. 12(2): 252, fig. 4		
280			1834	Nov. Stirp. Pug. 6: 14		
625			1868	Prodr. [A. P. de Candolle] 16(2): 531-532		
702			1868	Prodr. [A. P. de Candolle] 16(2): 532		
609			1874	Trudy Imp. S.-Peterburgsk. Bot. Sada 3(1): 113		
610			1874	Trudy Imp. S.-Peterburgsk. Bot. Sada 3(1): 113		
281			1989	Durban Mus. Novit. 14: 153 156		
282			1969	Kirkia 7: 147-158		
283			1969	Kirkia 7: 147-158		
284			1971	Bothalia 10(2): 379-383		
285			1834	Nov. Stirp. Pug. 6: 13		
703			1874	Trudy Imp. S.-Peterburgsk. Bot. Sada 3(1): 111		
606			1874	Trudy Imp. S.-Peterburgsk. Bot. Sada 3(1): 111		
607			1874	Trudy Imp. S.-Peterburgsk. Bot. Sada 3(1): 111		
624			1839	Hort. Brit. [Sweet] ed. 3: 626		
286			1992	Ann. Gembloux 98(2): 153-155, fig. 1		
601			1859	Quart. J. Trans. Pharm. Soc. Victoria 2: 90		
287			1988	Bull. Jard. Bot. Natl. Belg. 58(1-2): 219-224		
637			1882	Syst. Census Austral. Pl. 1:110		
648			1885	Australas. Chem. Druggist 8:12		
288			1988	Bull. Jard. Bot. Natl. Belg. 58(1-2): 219-224		
268			1838	Tijdschr. Natuurl. Gesch. Physiol. 4(4): 419, pl. 8a		
289			1995	S. African J. Bot. 61(4): 226-229		
290			1945	J. S. African Bot. 11(1): 1-3		
642			1988	Bull. Jard. Bot. Natl. Belg. 58(1-2): 219-224		
291			1988	Bull. Jard. Bot. Natl. Belg. 58(1-2): 219-224		
292			1954	Bothalia 6(2): 426		
293			1851	Mem. Reale Accad. Sci. Ist. Bologna 3: 264-265		
659			2015	Phytotaxa 204(2): 99-115		
658			2015	Phytotaxa 204(2): 99-115		
294			2006	Biotechnol. Agron. Soc. Environm. 10(3): 181-183, figs. 1-4		
596			1863	Verslagen Meded. Afd. Natuurk. Kon. Akad. Wetensch. 15: 368		
295			1834	Nov. Stirp. Pug. 6: 8, tt. 1-3		
296			1867	Ill. Hort. 14, misc.: 80-81; 15: pl. 567		
362			1868	Gard. Chron. 25(14): 349		
297			1988	S. African J. Bot. 54(4): 363-366, figs. 1-2		
298			1916	Bull. Misc. Inform. Kew 1916: 181		
704			1938	J. S. African Bot. 4: 153		
638			1938	J. S. African Bot. 4: 153		
299			1972	Bothalia 10(4): 539-546		
300			1874	Index Seminum Hort. Bot. Berol. 1874: 18		
301			1957	Kew Bull. 12(2): 248		
643			1957	Kew Bull. 12(2): 248		
302			1996	S. African J. Bot. 62(1): 46-48, fig. 1		
303			1834	Nov. Stirp. Pug. 6: 14		
633			1842	Monogr. Cycad.: 58-59		
705			1838	Ann. Sci. Nat., Bot. ser. 2 10: 367		
635			1838	Ann. Sci. Nat., Bot. ser. 2 10: 367		
626			1932	in Engler, Pflanzenr. 99: 117		
634			1842	Monogr. Cycad.: 59		
627			1932	in Engler, Pflanzenr. 99: 117		
304			1863	Bot. Mag. 89: t. 5371		
628			1932	in Engler, Pflanzenr. 99: 117		
305			1951	Bothalia 6(1): 220, 241, pl. 3		
306			1995	Novon 5(4): 388, figs. 2-5		
307			1964	Bothalia 8(2): 169-170		
308			1990	Mem. New York Bot. Gard. 57: 152-155		
309			2007	J. E. Afr. Nat. Hist. 96(2): 193-201		
310			1989	Utafiti 2(1): 7-10		
311			1932	Bull. Misc. Inform. Kew 1932: 512		
312			1926	Man. Pl. Transvaal   1: 40, 99		
313			1926	Man. Pl. Transvaal  1: 40, 99, fig. 4d		
314			1834	Nov. Stirp. Pug. 6: 14		
706			1842	Monogr. Cycad.: 57		
594			1842	Monogr. Cycad.: 57		
315			1839	Hort. Brit. [Sweet] ed. 3: 626		
316			1838	Tijdschr. Natuurl. Gesch. Physiol. 4(4): 424, t.9		
317			1903	Ann. Mus. Congo Belge, Bot. sér. 5, 1(1): 10, t. 25		
318			1949	Fl. Pl. Africa 27: pls. 1078-1079		
319			1834	Nov. Stirp. Pug. 6: 14		
629			1932	in Engler, Pflanzenr. 99: 115		
707			1932	in Engler, Pflanzenr. 99: 115		
630			1932	in Engler, Pflanzenr. 99: 115		
708			1868	Prodr. [A. P. de Candolle] 16(2): 531		
641			1868	Prodr. [A. P. de Candolle] 16(2): 531		
320			1900	Bull. Soc. Roy. Bot. Belgique 39: 80		
321			1834	Nov. Stirp. Pug. 6: 14		
593			1842	Monogr. Cycad.: 56		
662			1868	Prodr. [A. P. de Candolle] 16(2): 531-532		
608			1874	Trudy Imp. S.-Peterburgsk. Bot. Sada 3(1): 113		
709			1842	Monogr. Cycad.: 55-56		
592			1842	Monogr. Cycad.: 55-56		
603			1863	Verslagen Meded. Afd. Natuurk. Kon. Akad. Wetensch. 15: 376		
728			1870	Retail List [Bull] No. 54: 116		
322			2002	Bot. J. Linn. Soc. 140(2): 187-192, figs. 1-6		
323			1997	Encephalartos 50: 13-17, figs. 1-2		
730			1873	Retail List [Bull] No. 83: 187		
324			1939	Proc. Rhodesia Sci. Assoc. 37: 133-134		
325			1838	Tijdschr. Natuurl. Gesch. Physiol. 5: 187-189		
326			1958	Bull. Soc. Roy. Bot. Belgique 91: 104-110		
327			1842	Monogr. Cycad.: 48		
328			1989	S. African J. Bot. 55(1): 122-126		
639			1862	Fragm. (Mueller) 3: 38		
640			1881	Fragm. (Mueller) 11: 125		
329			1996	S. African J. Bot. 62(2): 67-70		
330			1969	Kirkia 7: 147-158		
331			1838	Tijdschr. Natuurl. Gesch. Physiol. 4(4): 421, t. 8c		
332			1951	Bothalia 6(1): 205-211, pls 1-3		
333			1949	Fl. Pl. Africa 27: pls 1053-1054		
334			1995	Phytologia 78(6): 409-410, fig. 1		
600			1863	Verslagen Meded. Afd. Natuurk. Kon. Akad. Wetensch. 15: 370		
335			1926	Man. Pl. Transvaal   1: 40, 99, fig. 4a		
602			1859	Quart. J. Trans. Pharm. Soc. Victoria 2: 90		
336			1878	Verh. Bot. Vereins Prov. Brandenburg 20: 35-36		
597			1858	Quart. J. Trans. Pharm. Soc. Victoria 2: 90		
337			1965	J. S. African Bot. 31(2): 111-112, pl. 19		
620			1839	Hort. Brit. [Sweet] ed. 3: 626		
338			1969	Kirkia 7: 147-158		
623			1839	Hort. Brit. [Sweet] ed. 3: 626		
339			1834	Nov. Stirp. Pug. 6: 13		
650			1889	Retail List [Bull] No. 250: 8, t. 4		
340			2001	Bothalia 31(2): 197-199		
621			1839	Hort. Brit. [Sweet] ed. 3: 626		
341			1993	Bull. Jard. Bot. Natl. Belg. 62: 215-219		
342			1969	Bull. Jard. Bot. Natl. Belg. 39(4): 401-406		
267			1991	Delpinoa 29-30: 3-5 (1989 issued 1991 Oct. 24)		
343			1990	Mem. New York Bot. Gard. 57: 156-161		
344			1996	S. African J. Bot. 62(2): 76-79		
345			1871	Bot. Zeitung (Berlin) 29(20): 334		
346			1838	Tijdschr. Natuurl. Gesch. Physiol. 4(4): 419, t. 8c		
589			1834	Nov. Stirp. Pug. 6: 13		
644			1866	Fragm. (Mueller) 5: 172		
598			1863	Verslagen Meded. Afd. Natuurk. Kon. Akad. Wetensch. 15: 368		
710			1863	Verslagen Meded. Afd. Natuurk. Kon. Akad. Wetensch. 15: 368		
347			1926	Man. Pl. Transvaal 1: 40, 99		
348			1995	S. African J. Bot. 61(6): 347		
349			1957	Kew Bull. 12(2): 249, fig. 3		
350			1999	J. E. Afr. Nat. Hist. 88: 35		
579			1999	J. E. Afr. Nat. Hist. 88: 35		
351			1926	Man. Pl. Transvaal  1: 40, 99, fig. 4b		
352			1834	Nov. Stirp. Pug. 6: 13		
353			1965	J. S. African Bot. 31(2): 112-116, pl. 20		
354			1985	Garcia de Orta, Ser. Bot. 7(1-2): 11-14		
355			1951	Fl. Pl. Africa 28: pl. 1100		
631			1838	Tijdschr. Natuurl. Gesch. Physiol. 4(4): 422		
356			1996	S. African J. Bot. 62(2): 71		
357			1988	S. African J. Bot. 54(5): 487-490, figs. 1-3		
605			1874	Trudy Imp. S.-Peterburgsk. Bot. Sada 3(1): 111		
358			1867	Ill. Hort. 14, misc.: 79-80; 15		
647			1890	Gartenflora 39: 238		
646			1890	Gartenflora 39: 238		
711			1890	Gartenflora 39: 238		
731			1873	Retail List [Bull] No. 83: 187		
645			1876	Gard. Chron. n.s. 6: 711, figs. 134-135		
712			1873	Retail List [Bull] No. 83: 187		
359			1989	Ann. Missouri Bot. Gard. 76(3): 935		
370			1868	Gard. Chron. 25(14): 349		
360			1995	Phytologia 78(6): 410-411, fig. 3		
361			1908	Gard. Chron., ser. 3 43: 414		
739			1908	Gard. Chron., ser. 3 43: 257		
363			1998	Blumea 43(2): 393		
364			1998	Blumea 43(2): 395		
365			1998	Blumea 43(2): 389		
366			1998	Blumea 43(2): 393		
367			1998	Blumea 43(2): 391		
368			1998	Blumea 43(2): 393		
369			1998	Blumea 43(2): 391		
604			1875	Gartenflora 24: 43		
371			1876	Gartenflora 25: 6		
372			1857	Bull. Soc. Imp. Naturalistes Moscou 30(1): 184-185, fig. 21		
373			1839	Linnaea 13: 152		
375			1998	Fl. Australia 48: 717		
376			1959	Proc. Linn. Soc. New South Wales, ser. 2, 84(1): 98		
377			1998	Fl. Australia 48: 718		
378			1994	Austrobaileya 4(2): 271-273, fig. 1		
379			1872	Bot. Mag. 98: t. 5943		
733			1873	Retail List [Bull] No. 83: 8		
380			1994	Austrobaileya 4(2): 273-275, fig. 2		
381			1994	Austrobaileya 4(2): 275-276, fig. 3		
382			1884	J. Proc. Roy. Soc. New S. Wales 17: 119		
615			1874	Gard. Chron., n.s. 1(17): 532		
383			1858	Fragm. (Mueller) 1(2): 41		
384			1959	Proc. Linn. Soc. New South Wales, ser. 2, 84(1): 98		
385			1883	Syn. Queensl. Fl.: 500		
386			1930	Enum. Pl. Austral. Occ.: 3		
735			1873	Gard. Chron. 30(11): 358		
387			1998	Fl. Australia 48: 718		
734			1873	Gard. Chron. 30(11): 358		
388			1884	J. Proc. Roy. Soc. New S. Wales 17: 120		
389			1991	Austrobaileya 3(3): 481		
390			1884	J. Proc. Roy. Soc. New S. Wales 17: 121		
391			1842	Monogr. Cycad.: 37		
392			1998	Fl. Australia 48: 718-719		
393			1884	J. Proc. Roy. Soc. New S. Wales 17: 122		
394			1883	J. Proc. Roy. Soc. New S. Wales 17: 116		
586			1886	Syn. Queensl. Fl. Suppl. 1: 52		
395			1998	Fl. Australia 48: 719		
396			1992	Telopea 5(1): 31		
397			1991	Austrobaileya 3(3): 483		
398			1998	Fl. Australia 48: 717		
399			1959	Proc. Linn. Soc. New South Wales, ser. 2, 84(1): 102		
400			1868	Prodr. [A. P. de Candolle] 16(2): 537		
401			1994	Austrobaileya 4(2): 276		
402			1877	Gard. Chron., n.s. 7(178): 665		
738			1877	Retail List [Bull] No. 129: 7		
403			1868	Arch. Néerl. Sci. Exact. Nat. 3: 250		
404			1868	Prodr. [A. P. de Candolle] 16(2): 535		
405			1998	Fl. Australia 48: 717		
406			1881	Australas. Chem. Druggist 4: 84		
407			1886	Syn. Queensl. Fl. Suppl. 1: 50		
408			1994	Austrobaileya 4(2): 278, fig. 5		
409			1868	Prodr. [A. P. de Candolle] 16(2): 535		
410			1994	Austrobaileya 4(2): 279-281, fig. 6		
411			1859	Fragm. (Mueller) 1(4): 86		
412			1959	Proc. Linn. Soc. New South Wales, ser. 2, 84(1): 109		
713			1959	Proc. Linn. Soc. New South Wales, ser. 2, 84(1): 108-109		
413			1959	Proc. Linn. Soc. New South Wales, ser. 2, 84(1): 108		
414			1868	Arch. Néerl. Sci. Exact. Nat. 3: 252		
415			1898	Queensland Agric. J. 3: 356		
616			1874	Gard. Chron., n.s. 1(17): 532		
416			1991	Austrobaileya 3(3): 484		
417			1998	Fl. Australia 48: 718		
599			1844	Nov. Stirp. Pug. 8: 31		
419			1998	Fl. Australia 48: 718		
420			1930	Enum. Pl. Austral. Occ.: 3		
421			1884	J. Proc. Roy. Soc. New S. Wales 17: 122		
422			2001	Austrobaileya 6(1): 90-92, figs. 20-21		
423			1842	Monogr. Cycad.: 36		
736			1873	Retail List [Bull] No. 83: 8		
732			1873	Retail List [Bull] No. 83: 187		
424			1959	Proc. Linn. Soc. New South Wales, ser. 2, 84(1): 106		
588			1876	Gartenflora 25: 229		
425			1994	Austrobaileya 4(2): 281-283, fig. 7		
427			1868	Prodr. [A. P. de Candolle] 16(2): 538		
748			1891	Revis. Gen. Pl. 2: 803		
749			1891	Revis. Gen. Pl. 2: 803		
750			1891	Revis. Gen. Pl. 2: 803		
751			1891	Revis. Gen. Pl. 2: 803		
752			1891	Revis. Gen. Pl. 2: 803		
753			1891	Revis. Gen. Pl. 2: 803		
754			1891	Revis. Gen. Pl. 2: 803		
755			1891	Revis. Gen. Pl. 2: 803		
756			1891	Revis. Gen. Pl. 2: 803		
757			1891	Revis. Gen. Pl. 2: 803		
758			1891	Revis. Gen. Pl. 2: 803		
759			1891	Revis. Gen. Pl. 2: 803		
760			1891	Revis. Gen. Pl. 2: 803		
761			1891	Revis. Gen. Pl. 2: 803		
762			1891	Revis. Gen. Pl. 2: 803		
763			1891	Revis. Gen. Pl. 2: 803		
764			1891	Revis. Gen. Pl. 2: 803		
765			1891	Revis. Gen. Pl. 2: 803		
766			1891	Revis. Gen. Pl. 2: 803		
767			1891	Revis. Gen. Pl. 2: 803		
768			1891	Revis. Gen. Pl. 2: 803		
769			1891	Revis. Gen. Pl. 2: 803		
770			1891	Revis. Gen. Pl. 2: 803		
771			1891	Revis. Gen. Pl. 2: 803		
772			1891	Revis. Gen. Pl. 2: 803		
773			1891	Revis. Gen. Pl. 2: 803		
774			1891	Revis. Gen. Pl. 2: 803		
429			1845	Abh. Math.-Phys. Cl. Königl. Bayer. Akad. Wiss. 4(2): 23, t. 4		
430			1894	Hist. Pl. (Baillon) 12: 68, in adnot.		
431			1874	Gartenflora 23: 163, t. 798		
432			1853	Hooker's J. Bot. Kew Gard. Misc. 5: 228		
433			1872	Retail List [Bull] No. 72: 8		
436			1884	Biol. Cent.-Amer., Bot. 3: 194		
437			1900	Publ. Field Columb. Mus., Bot. Ser. 2(1): 23		
438			2001	Fl. Colombia (1983+) 21: 33, fig. 3		
439			1987	Fairchild Trop. Gard. Bull. 42(3): 26		
440			1878	Gard. Chron., n.s. 10(261): 810		
441			1791	Collectanea [Jacquin] 3: 263-265		
715			1878	Gartenflora 27: 13		
584			1878	Gartenflora 27: 13		
745			1878	Gartenflora 27: 13		
746			1878	Gartenflora 27: 13		
583			1878	Gartenflora 27: 13		
442			1851	Nieuwe Verh. Eerste Kl. Kon. Ned. Inst. Wetensch. Amsterdam 3(4): 184		
51			1876	Trudy Imp. S.-Peterburgsk. Bot. Sada 4(4): 308		
443			1868	Gard. Chron. 25(14): 349		
444			1868	Prodr. [A. P. de Candolle] 16(2): 540		
445			1849	Ann. Sci. Nat., Bot. ser. 3, 13: 249, pl. 3		
446			2008	Cycad Newslett. 31(2-3): 22-26, figs 1-16, 18-19		
426			1800	Prodr. Pl. Cap. 2: 92		
447			1852	Fl. Serres Jard. Eur. 7(6): 141		
448			1932	in Engler, Pflanzenr. 99: 153		
449			1854	Bot. Voy. Herald 6: 201-203, t. 43		
450			1988	Bot. Gaz. 149(3): 351		
451			1993	Brittonia 45(1): 5-6, fig. 2		
452			1922	Arch. Jard. Bot. Rio de Janeiro 3: 20, pl. 1		
453			1884	Biol. Cent.-Amer., Bot. 3: 195		
454			1801	Fragm. Bot.: 27, tt. 25-26		
455			1825	Flora 8: 733		
456			1782	Suppl. Pl.: 443		
457			1789	Hort. Kew. (W. Aiton) 3: 478		
458			2009	J. Bot. Res. Inst. Texas 3(1): 31-41, figs. 1-3		
459			1828	Syll. Pl. Nov. 2: 53		
460			2001	Fl. Colombia (1983+) 21: 38-40, fig. 4		
461			1993	Brittonia 45(1): 6, fig. 3		
15			1998	Phytologia 85(3): 140144, f. 1, 3a, 4		
462			2003	Phytologia 85(6): 389 (1998 publ. 21 Aug. 2003)		
463			2001	Fl. Colombia (1983+) 21: 40-42, fig. 5		
464			1903	Contr. U.S. Natl. Herb. 8(2): 267		
465			1982	Phytologia 50(6): 401-404		
466			1845	Hort. Vanhoutt. 1(1): 20		
467			1868	Prodr. [A. P. de Candolle] 16(2): 544		
716			2001	Novon 11(3): 363		
787			1932	in Engler, Pflanzenr. 99: 151-152		
788			1932	in Engler, Pflanzenr. 99: 152		
242			2001	Novon 11(3): 363		
468			1789	Hort. Kew. (W. Aiton) 3: 477		
717			1868	Prodr. [A. P. de Candolle] 16(2): 541		
469			1868	Prodr. [A. P. de Candolle] 16(2): 541		
470			1845	Tijdschr. Natuurl. Gesch. Physiol. 12: 24		
471			1998	Novon 8(1): 12-14, fig. 1a-f		
472			2010	Brenesia 73-74: 29-33, fig. 1		
473			2012	Nordic J. Bot. 30(5): 565-570		
474			1941	Caribbean Forest. 2: 89		
475			1868	Anales Acad. Ci. Med. Habana 5: 54-55		
476			2008	Bot. J. Linn. Soc. 158(3): 399-429, figs. 6, 7a, 8a		
477			1924	J. Wash. Acad. Sci. 14(4): 93-94, fig. 1		
478			1801	Fragm. Bot.: 27-28, tt. 27, 28		
479			2012	Caldasia 34(2): 283-290		
480			1796	Prodr. Stirp. Chap. Allerton: 400		
481			2001	Fl. Colombia (1983+) 21: 43-44, fig. 6		
482			2008	Bot. J. Linn. Soc. 158(3): 399-429, figs. 7c, 8c, 11		
483			2009	Phytotaxa 2: 29-34, figs. 1-3		
484			1983	Fl. Veracruz 26: 22-24, fig. 3		
485			1789	Hort. Kew. (W. Aiton) 3: 478		
821			2016	Phytologia 98(3): 175		
822			2016	Phytologia 98(3): 175		
823			2016	Phytologia 98(3): 174		
824			2016	Phytologia 98(3): 176		
825			2016	Phytologia 98(3): 174		
486			1993	Brittonia 45(1): 7-9, fig. 4		
487			1953	Mutisia 15: 2, fig. p. 5 s.n.		
488			1896	Gartenflora 45: 148-149, fig. 31		
489			1842	Monogr. Cycad.: 71, t. 8		
490			1998	Novon 8(4): 441-446, figs. 1-3		
491			1796	Prodr. Stirp. Chap. Allerton: 400		
492			1801	Fragm. Bot.: 28, tt. 30-31		
493			1849	Tijdschr. Wis-Natuurk. Wetensch. Eerste Kl. Kon. Ned. Inst. Wetensch. 2(4): 298		
494			1872	Bull. Soc. Vaud. Sci. Nat. 11: 278		
495			1884	Biol. Cent.-Amer., Bot. 3: 195		
496			1915	Arch. Jard. Bot. Rio de Janeiro 1: 9-10, pls 1-2		
497			1847	Linnaea 19(4): 425		
498			1876	Trudy Imp. S.-Peterburgsk. Bot. Sada 4(4): 307		
499			1876	Trudy Imp. S.-Peterburgsk. Bot. Sada 4(4): 307		
718			1876	Trudy Imp. S.-Peterburgsk. Bot. Sada 4(4): 307		
500			1875	Ill. Hort. 22: 23, pl. 195		
501			1851	Allg. Gartenzeitung 19: 145-146, fig. s.n.		
826			2018	Brittonia 70(3): 364 [epublished 19 Jun 2018]		
502			1843	Tijdschr. Natuurl. Gesch. Physiol. 10: 72-73		
503			1857	Bull. Soc. Imp. Naturalistes Moscou 30(1): 190		
719			1857	Bull. Soc. Imp. Naturalistes Moscou 30(1): 190		
504			1932	in Engler, Pflanzenr. 99: 147		
505			1857	Bull. Soc. Imp. Naturalistes Moscou 30(1): 190		
506			1801	Fragm. Bot.: 28, t. 29		
507			1907	Bull. New York Bot. Gard. 5(18): 311		
508			2004	Cycad Classific. Concepts & Recommend.: 185-186, fig. 14.7		
509			1958	Bot. Mus. Leafl. 18: 114, pl. 18		
510			1844	Linnaea 18(1): 97-98		
511			1876	Trudy Imp. S.-Peterburgsk. Bot. Sada 4(4): 310, t. 926, fig. e		
512			1798	Pl. Rar. Hort. Schoenbr. 3: 77, tt. 397, 398		
775			1932	in Engler, Pflanzenr. 99: 155-157		
777			1932	in Engler, Pflanzenr. 99: 157		
780			1932	in Engler, Pflanzenr. 99: 154-155		
781			1932	in Engler, Pflanzenr. 99: 155		
776			1932	in Engler, Pflanzenr. 99: 157-158		
782			1932	in Engler, Pflanzenr. 99: 158		
779			1932	in Engler, Pflanzenr. 99: 158		
778			1932	in Engler, Pflanzenr. 99: 158		
513			2009	J. Bot. Res. Inst. Texas 3(1): 23-29, figs. 1-2		
514			2001	Fl. Colombia (1983+)21: 55, fig. 11		
515			1861	Prodr. Syst. Cycad.: 13-14, 25-26		
737			1876	Retail List [Bull] No. 121: 149		
516			1875	Monatsber. Königl. Preuss. Akad. Wiss. Berlin: 376-377		
517			1926	Bot. Gaz. 81(2): 219, 223, figs. 1-3		
518			1868	Prodr. [A. P. de Candolle] 16(2): 545		
519			1806	Sp. Pl., ed. 4 [Willdenow] 4: 847-848		
520			1842	Monogr. Cycad.: 66		
720			1842	Monogr. Cycad.: 66		
521			1843	Tijdschr. Natuurl. Gesch. Physiol. 10: 71-72		
434			2013	Phytotaxa 98(2): 2742, figs. 6-7		
435			1838	Tijdschr. Natuurl. Gesch. Physiol. 4:(4) 421		
522			2008	Bot. J. Linn. Soc. 158(3): 399-429, figs. 7b, 8b, 10		
523			1993	Brittonia 45(1): 10, fig. 5		
524			1897	Gartenflora 46: 358		
525			1922	Arch. Jard. Bot. Rio de Janeiro 3: 19		
526			1875	Monatsber. Königl. Preuss. Akad. Wiss. Berlin: 376		
527			1877	Ill. Hort. 24: 140, pl. 289		
528			2003	Revista Acad. Colomb. Ci. Exact. 27(105): 486-490		
529			2008	Ceiba 49(1): 135-136, figs. 1-6		
530			2006	Ceiba 46(1): 42, figs. 11-13		
531			1844	Linnaea 17(6): 740		
532			1796	Prodr. Stirp. Chap. Allerton: 401		
582			1863	Fl. Bras. (Martius) 4(1): 414		
830			2018	Phytotaxa 385(2): 85-93. 2018 [epublished 27 Dec 2018]		
533			1916	Amer. Foss. Cycads 2: 212, fig. 86		
534			1884	Biol. Cent.-Amer., Bot. 3: 194		
535			1863	Fl. Bras. (Martius) 4(1): 414-416, t. 109		
536			1998	Delpinoa 37-38: 3-8, fig. 1 (199596 issued 1998)		
537			1899	Symb. Antill. 1(2): 291		
538			1869	Verh. Kon. Ned. Akad. Wetensch., Afd. Natuurk. 2(4): 30		
539			1881	Retail List [Bull]: No. 176: 20		
654			1876	The Garden 9: 559		
48			1982	Phytologia 50(6): 401-404		
540			1986	Taxon 35(1): 141		
541			1854	Bot. Voy. Herald 6: 201-203, 253		
542			1763	Sp. Pl. ed. 2. 2: 1659		
819			1981	J. Arnold Arbor. 61: 719		
783			1981	J. Arnold Arbor. 61: 719		
543			1789	Hort. Kew. (W. Aiton) 3: 478		
544			1983	Fl. Veracruz 26: 28-31, fig. 5		
545			1815	Bot. Mag. 42: t.1741		
784			1932	in Engler, Pflanzenr. 99: 152-153		
785			1932	in Engler, Pflanzenr. 99: 153		
786			1868	Prodr. [A. P. de Candolle] 16(2): 543-544		
546			2010	Brittonia 62(1): 80-85, figs. 1-2		
547			2009	Taxon 58(1): 268		
548			1873	Cat. General 90: 10		
549			2006	Ceiba 46(1): 41-42, figs. 1-10		
550			1916	Bull. Torrey Bot. Club 43: 462		
551			1926	J. New York Bot. Gard. 27(318): 128, figs. 1,2		
552			1851	Allg. Gartenzeitung 19: 146, fig. s.n.		
553			1988	Bot. Gaz. 149(3): 347-351, figs. 1-3		
554			1868	Prodr. [A. P. de Candolle] 16(2): 539		
580			1796	Prodr. Stirp. Chap. Allerton : 401		
555			1984	Phytologia 55(5): 299-303		
556			1989	Syst. Bot. 14(2): 214-219, figs. 1-2		
557			2012	Bot. Rev. (Lancaster) 78(4): 335-344, figs. 1-4		
558			1851	Nieuwe Verh. Eerste Kl. Kon. Ned. Inst. Wetensch. Amsterdam 3(4): 183		
559			1926	Bot. Gaz. 81(2): 223, 225, fig. 4		
729			1872	Retail List [Bull] No. 72: 8		
560			1806	Sp. Pl., ed. 4 [Willdenow] 4(2): 846		
561			2011	Brittonia 63(4): 442-451 , figs. 1-2		
581			1885	Ill. Hort. 32: 27, pl. 547		
587			1806	Sp. Pl., ed. 4 [Willdenow] 4(2): 845-846		
562			1903	Bot. Gaz. 35(1): 8, pl. 1		
563			1907	Verh. Bot. Vereins Prov. Brandenburg 48: 117-118		
652			1922	Arch. Jard. Bot. Rio de Janeiro 3: 19		
721			1922	Arch. Jard. Bot. Rio de Janeiro 3: 19		
564			1921	J. New York Bot. Gard. 22: 136, in adnot.		
565			1996	Linzer Biol. Beitr. 28(2): 1056		
566			1845	Allg. Gartenzeitung 32: 252-253		
567			1998	Delpinoa 37-38: 9-17 , figs. 1-4 (199596 issued 1998)		
568			1868	Gard. Chron. 25(14): 349		
569			1869	Verh. Kon. Ned. Akad. Wetensch., Afd. Natuurk. 2(4): 31-32		
8			1875	Monatsber. Königl. Preuss. Akad. Wiss. Berlin: 376		
1			1932	in Engler, Pflanzenr. 99: 149		
13			1851	Nieuwe Verh. Eerste Kl. Kon. Ned. Inst. Wetensch. Amsterdam 3(4): 182		
