ReferenceID	Authors	Year	Title	Details
Cyd-Ref-2	Regel	1876		In: Gartenflora 25: 141
Cyd-Ref-3	Regel	1876		In: Gartenflora 25: 141
Cyd-Ref-4	Regel	1876		In: Gartenflora 25: 141
Cyd-Ref-5	Regel	1876		In: Gartenflora 25: 141
Cyd-Ref-6	Regel	1876		In: Gartenflora 25: 143
Cyd-Ref-7	Regel	1876		In: Gartenflora 25: 143
Cyd-Ref-9	Chamb.	1912		In: Bot. Gaz. 54: 419
Cyd-Ref-10	Hook. ex Hook.f.	1863		In: Bot. Mag. 89: t. 5398
Cyd-Ref-11	F.M.Bailey	1883		In: Syn. Queensl. Fl.: 501
Cyd-Ref-12	W.Bull	1878		In: Retail List [Bull] No. 143: 4, t. 5
Cyd-Ref-681		1878		In: Retail List [Bull] No. 143: 4
Cyd-Ref-14	W.Hill	1865		In: Gard. Chron. 22(47): 1107
Cyd-Ref-16	Pérez-Farr., Vovides & Iglesias	1999		In: Novon 9(3) 410-413, fig. 1
Cyd-Ref-17	Pérez-Farr., Vovides & Schutzman	2004		In: Bot. J. Linn. Soc. 146(1): 123-128, figs. 1-7
Cyd-Ref-18	Brongn.	1846		In: Ann. Sci. Nat., Bot. ser. 3, 5: 9
Cyd-Ref-19	Miq.	1847		In: Tijdschr. Wis- Natuurk. Wetensch. Eerste Kl. Kon. Ned. Inst. Wetensch. 1(1): 41-42
Cyd-Ref-818	Mart.-Domínguez, Nic.-Mor. & D.W.Stev.	2017		In: Phytotaxa 317(1): 17-28
Cyd-Ref-20	Pérez-Farr. & Vovides	2008		In: Bot. J. Linn. Soc. 157(2): 169-175, figs. 1-4
Cyd-Ref-21	Vovides, Avendaño, Pérez-Farr. & Gonz.-Astorga	2008		In: Novon 18(1): 109-114, fig. 1
Cyd-Ref-632	Vázq.Torres, A.Moretti & Carvajal-Hern.	2013		In: Delpinoa 50-51: 129-133, figs. 1-5 (2008-2009 issued December 2013)
Cyd-Ref-22	Vázq.Torres, Sabato & D.W.Stev.	1986		In: Brittonia 38(1): 17-26, figs. 1-5
Cyd-Ref-23	Moore	1878		In: Sci. Proc. Royal Dublin Soc., n.s., 2: 112-114
Cyd-Ref-374	W.Bull	1879		In: Retail List [Bull] No. 154: 4
Cyd-Ref-24	G.P.Landry & M.C.Wilson	1979		In: Brittonia 31(3): 422-424, fig. 1
Cyd-Ref-25	J.L.Haynes, Whitelock, Schutzman & R.S.Adams	2008		In: Cycad Newslett. 31 (2-3): 16-21, figs. 1-2
Cyd-Ref-26	Avendaño, Vovides & Cast.-Campos	2003		In: Bot. J. Linn. Soc. 141(3): 395-398, figs. 1-2
Cyd-Ref-27	Miq.	1847		In: Tijdschr. Wis- Natuurk. Wetensch. Eerste Kl. Kon. Ned. Inst. Wetensch. 1(1): 40-41
Cyd-Ref-28	Regel	1876		In: Trudy Imp. S.-Peterburgsk. Bot. Sada 4(4): 298
Cyd-Ref-29	Regel	1857		In: Bull. Soc. Imp. Naturalistes Moscou 30(1): 187-188, t. 3, fig. 6; t. 4, fig. 22
Cyd-Ref-30	Miq.	1847		In: Tijdschr. Wis- Natuurk. Wetensch. Eerste Kl. Kon. Ned. Inst. Wetensch. 1(1): 206
Cyd-Ref-31	Miq.	1847		In: Tijdschr. Wis- Natuurk. Wetensch. Eerste Kl. Kon. Ned. Inst. Wetensch. 1(1): 40
Cyd-Ref-32	Lundell	1939		In: Lloydia 2(2): 75-76
Cyd-Ref-33	Brongn.	1846		In: Ann. Sci. Nat., Bot. ser. 3, 5: 7-8, t.. 1 1
Cyd-Ref-743	Miq.	1932		In: in Engler, Pflanzenr. 99: 132
Cyd-Ref-682		1884		In: Biol. Cent.-Amer., Bot. 3: 193
Cyd-Ref-585	Dyer	1884		In: Biol. Cent.-Amer., Bot. 3: 193
Cyd-Ref-34	Dyer	1884		In: Biol. Cent.-Amer., Bot. 3: 193
Cyd-Ref-35	Vovides & J.D.Rees	1983		In: Madroño 30(1): 39-42
Cyd-Ref-36	H.Wendl.	1854		In: Index Palm.: 68
Cyd-Ref-37	Vovides, Pérez-Farr. & Iglesias	2001		In: Bot. J. Linn. Soc. 137(1): 81-85, fig. 1-2
Cyd-Ref-38	Chemnick, T.J.Greg. & Salas-Mor.	1998		In: Phytologia 83(1): 47-52 (1997 publ. 1998)
Cyd-Ref-39	Vázq.Torres & Vovides	1998		In: Novon 8(1): 87-90, fig. 1
Cyd-Ref-40	D.W.Stev.	1982		In: Brittonia 34(2): 181-184, figs. 1-2
Cyd-Ref-41	Miq.	1847		In: Tijdschr. Wis-Natuurk. Wetensch. Eerste Kl. Kon. Ned. Inst. Wetensch. 1(1): 42-43
Cyd-Ref-42	Vovides, Vázq.Torres, Schutzman & Iglesias	1993		In: Novon 3(4): 502-504, fig. 1
Cyd-Ref-43	Pérez-Farr. & Vovides	2009		In: Syst. Biodivers. 7(4): 433-443, figs. 3, 7
Cyd-Ref-817	Mart.-Domínguez & Nic.-Mor.	2016		In: Phytotaxa 268(1): 25-45
Cyd-Ref-793	D.W.Stev. & Vovides	2016		In: Bot. Sci. 94(2): 419-429
Cyd-Ref-814	Mart.-Domínguez & Nic.-Mor.	2017		In: Brittonia 69(4): 518. [epublished 31 May 2017]
Cyd-Ref-44	Pérez-Farr. & Iglesias	2007		In: Bot. J. Linn. Soc. 153(4): 393-400, figs. 1-6
Cyd-Ref-45	Chemnick & T.J.Greg.	1996		In: Phytologia 79(1): 51-57 (1995 publ. 1996)
Cyd-Ref-46	Medellín	1963		In: Brittonia 15(2): 175-176, figs. 1-4
Cyd-Ref-47	Pérez-Farr., Vovides & Iglesias	2001		In: Bot. J. Linn. Soc. 137(1): 77-80, fig.1
Cyd-Ref-49	D.W.Stev.	1990		In: Mem. New York Bot. Gard. 57: 169-172, fig. 1i
Cyd-Ref-50	D.W.Stev.	1990		In: Mem. New York Bot. Gard. 57: 169-172, figs. 1a-h
Cyd-Ref-52	K.D.Hill & T.H.Nguyên	2004		In: Bot. Rev. (Lancaster) 70(2): 149-150
Cyd-Ref-53	Hung T.Chang, Y.C.Zhong & Z.F.Lu	1998		In: Acta Sci. Nat. Univ. Sunyatseni 37(4): 6
Cyd-Ref-54	K.D.Hill & A.Lindstr.	2008		In: Telopea 12(1): 130-132, fig. 3
Cyd-Ref-795	K.Prassad, M.V.Ramana, Sanjappa & B.R.P.Rao	2015		In: Int. J. Innov. Sci. Res. 4 (1): 473-476
Cyd-Ref-55	R.Br.	1810		In: Prodr. Fl. Nov. Holland. 1: 348
Cyd-Ref-56	Rita Singh & P.Radha	2006		In: Brittonia 58(2): 119-123, figs. 1-2
Cyd-Ref-57	K.D.Hill	1994		In: Austral. Syst. Bot. 7(6): 553-554, fig. 9
Cyd-Ref-58	K.D.Hill	1993		In: Telopea 5(2): 419-422
Cyd-Ref-59	Miq.	1868		In: Arch. Néerl. Sci. Exact. Nat. 3: 235-236
Cyd-Ref-60	K.D.Hill	1994		In: Telopea 5(4): 693-696, fig. 1
Cyd-Ref-574		1996		In: Telopea 7(1): 43-44
Cyd-Ref-61	Chirgwin & K.D.Hill	1996		In: Telopea 7(1): 44-46, fig. 20
Cyd-Ref-62	K.D.Hill	1996		In: Telopea 7(1): 46-47, fig. 21
Cyd-Ref-63	K.D.Hill	1996		In: Telopea 7(1): 20-21, fig. 9
Cyd-Ref-64	L.K.Fu & S.Z.Cheng	1981		In: Acta Phytotax. Sin. 19(3): 337
Cyd-Ref-829	Y.Y.Huang, Y.C.Zhong & Z.F.Lu	2018		In: Mem. New York Bot. Gard. 117: 504518
Cyd-Ref-65	Warb.	1900		In: Monsunia 1: 179
Cyd-Ref-66	C.A.Gardner	1923		In: For. Dep. Bull., W. Austral. 32: 31
Cyd-Ref-67	Dyer	1885		In: Trans. Linn. Soc. London, Bot. 2(5): 85-86, pl. 17
Cyd-Ref-68	L.Linden & Rodigas	1886		In: Ill. Hort. 33: 27, pl. 586
Cyd-Ref-69	K.D.Hill	2004		In: Bot. Rev. (Lancaster) 70(2): 161-163
Cyd-Ref-571		2008		In: Telopea 12(1): 104
Cyd-Ref-570		2008		In: Telopea 12(1): 104
Cyd-Ref-70	K.D.Hill	1994		In: Austral. Syst. Bot. 7(6): 557-560, fig. 11
Cyd-Ref-71	K.D.Hill, T.H.Nguyên & P.K.Lôc	2004		In: Bot. Rev. (Lancaster) 70(2): 155-157, fig. 6
Cyd-Ref-72	Hung T.Chang, Y.Y.Huang & Y.C.Zhong	0		In: Acta Sci. Nat. Univ. Sunyatseni 37(4): 8
Cyd-Ref-73	K.D.Hill	1992		In: Telopea 5(1): 200-201, fig. 15
Cyd-Ref-74	Thunb.	1775		In: Nova Acta Regiae Soc. Sci. Upsal. 2: 283-288, t. 5
Cyd-Ref-75	F.Muell.	1876		In: Fragm. (Mueller) 10(83): 63, 121
Cyd-Ref-76	Maconochie	1978		In: J. Adelaide Bot. Gard. 1(3): 175, fig. 1
Cyd-Ref-77	K.D.Hill	1994		In: Austral. Syst. Bot. 7(6): 538-540
Cyd-Ref-79	K.D.Hill	1994		In: Telopea 5(4): 698-700, fig. 4a-d
Cyd-Ref-683		1994		In: Telopea 5(4): 698-700, fig. 4a-d
Cyd-Ref-78	K.D.Hill	1994		In: Telopea 5(4) : 699-700, fig. 4e-g
Cyd-Ref-80	K.D.Hill	2004		In: Telopea 10(2): 607-611, figs. 1-2
Cyd-Ref-81	Jutta, K.L.Chew & Saw	2010		In: Blumea 55(3): 249-252, figs. 1-2
Cyd-Ref-82	Miq.	1839		In: Bull. Sci. Phys. Nat. Néerl. 1839: 45
Cyd-Ref-83	K.D.Hill	1999		In: Brittonia 51(1): 58, fig. 6
Cyd-Ref-84	W.H.Br. & Kienholz	1925		In: Philipp. J. Sci. 26: 47-48, pls 1-2, fig. 1
Cyd-Ref-85	N.Liu	1998		In: Acta Phytotax. Sin. 36(6): 552-554, fig. 1
Cyd-Ref-665	X.Gong & Wei Zhou	2015		In: J. Syst. Evol. 53(6): 497. [epublished 15 Apr 2015]
Cyd-Ref-86	Leandri	1931		In: Fl. Indo-Chine 5(10): 1092
Cyd-Ref-87	L.	1753		In: Sp. Pl. 2: 1188
Cyd-Ref-684		1932		In: in Engler, Pflanzenr. 99: 66
Cyd-Ref-88	J.Schust.	1932		In: in Engler, Pflanzenr. 99: 66
Cyd-Ref-89	J.Schust.	1932		In: in Engler, Pflanzenr. 99: 66
Cyd-Ref-90	J.Schust.	1932		In: in Engler, Pflanzenr. 99: 66
Cyd-Ref-685		1908		In: Pflanzenw. Ost-Afrikas 2(1): 82
Cyd-Ref-91	J.Schust.	1932		In: in Engler, Pflanzenr. 99: 73
Cyd-Ref-722		1932		In: in Engler, Pflanzenr. 99: 74
Cyd-Ref-92	J.Schust.	1932		In: in Engler, Pflanzenr. 99: 74
Cyd-Ref-93	J.Schust.	1932		In: in Engler, Pflanzenr. 99: 70
Cyd-Ref-723		1932		In: in Engler, Pflanzenr. 99: 70
Cyd-Ref-94	J.Schust.	1932		In: in Engler, Pflanzenr. 99: 70
Cyd-Ref-95	J.Schust.	1932		In: in Engler, Pflanzenr. 99: 68
Cyd-Ref-96	J.Schust.	1932		In: in Engler, Pflanzenr. 99: 69
Cyd-Ref-97	J.Schust.	1932		In: in Engler, Pflanzenr. 99: 69
Cyd-Ref-98	J.Schust.	1932		In: in Engler, Pflanzenr. 99: 69
Cyd-Ref-99	J.Schust.	1932		In: in Engler, Pflanzenr. 99: 69
Cyd-Ref-724		1932		In: in Engler, Pflanzenr. 99: 69
Cyd-Ref-100	J.Schust.	1932		In: in Engler, Pflanzenr. 99: 71, 73
Cyd-Ref-101	Engl.	1908		In: Pflanzenw. Ost-Afrikas 2(1): 82
Cyd-Ref-726	J.Schust.	1932		In: in Engler, Pflanzenr. 99: 66-67
Cyd-Ref-102	J.Schust.	1932		In: in Engler, Pflanzenr. 99: 67
Cyd-Ref-103	J.Schust.	1932		In: in Engler, Pflanzenr. 99: 68
Cyd-Ref-725		1932		In: in Engler, Pflanzenr. 99: 67
Cyd-Ref-104	Miq.	1840		In: Comm. Phytogr.: 119
Cyd-Ref-686		1840		In: Comm. Phytogr.: 119
Cyd-Ref-105	Miq.	1842		In: Monogr. Cycad.: 28. t. 1, figs. t, u, t II, fig. e1
Cyd-Ref-106	Haines	1924		In: Bot. Bihar Orissa 6: 1228
Cyd-Ref-107	K.D.Hill	1999		In: Brittonia 51(1): 62-63, fig. 8a-d, g-h
Cyd-Ref-687		1999		In: Brittonia 51(1): 64
Cyd-Ref-108	K.D.Hill	1999		In: Brittonia 51(1): 64, fig. 8e,f,i
Cyd-Ref-109	K.D.Hill, T.H.Nguyên & P.K.Lôc	2004		In: Bot. Rev. (Lancaster) 70(2): 142-144, fig. 2
Cyd-Ref-797	Bruant	1888		In: Bull. Soc. Bot. France 35: 246
Cyd-Ref-110	K.D.Hill & S.L.Yang	2004		In: Bot. Rev. (Lancaster) 70(2): 178-179, fig. 14
Cyd-Ref-111	Chirgwin ex Chirgwin & Wigston	1993		In: J. Adelaide Bot. Gard. 15(2): 147
Cyd-Ref-112	K.D.Hill	1992		In: Telopea 5(1): 197-198, fig. 13
Cyd-Ref-113	Hung T.Chang, Y.C.Zhong & Z.F.Lu	1999		In: Acta Sci. Nat. Univ. Sunyatseni 38(3): 121122
Cyd-Ref-114	P.I.Forst.	2001		In: Austrobaileya 6(1): 153, figs. 1-5
Cyd-Ref-115	K.D.Hill	1995		In: Proc. Third Int. Conf. Cycad Biol.: 150
Cyd-Ref-792	R.C.Srivast. & Jana	2014		In: Indian J. Pl. Sci. [Jaipur] 3(2): 151-153, t. II
Cyd-Ref-116	Y.C.Zhong & C.J.Chen	1997		In: Acta Phytotax. Sin. 35(6): 571
Cyd-Ref-117	P.I.Forst.	1995		In: Austrobaileya 4(3): 345-352, figs. 1-5
Cyd-Ref-812	L.J.Singh	2017		In: Nordic J. Bot. 35(1): 6976. doi:10.1111/njb.01284
Cyd-Ref-118	Z.T.Guan & G.D.Tao	1995		In: Sichuan Forest. Surv. Design 1995(4): 1
Cyd-Ref-820	P.I.Forst. & B.Gray	2017		In: Austrobaileya 10(1): 74-84
Cyd-Ref-119	K.D.Hill, T.H.Nguyên & P.K.Lôc	2004		In: Bot. Rev. (Lancaster) 70(2): 157-160, fig. 7
Cyd-Ref-120	de Laub.	1998		In: Blumea 43(2): 372
Cyd-Ref-121	A.Lindstr. & K.D.Hill	2003		In: Brittonia 54(4): 301, fig. 3 (2002 publ. 2003)
Cyd-Ref-122	D.Yue Wang	1996		In: Cycads China: 51
Cyd-Ref-123	D.Yue Wang	1996		In: Cycads China: 54
Cyd-Ref-124	K.D.Hill	1999		In: Kew Bull. 54(1): 209
Cyd-Ref-125	F.N.Wei	1994		In: Guihaia 14(4): 300, fig. 1
Cyd-Ref-126	K.D.Hill, T.H.Nguyên & P.K.Lôc	2004		In: Bot. Rev. (Lancaster) 70(2): 145-146, figs. 2-3
Cyd-Ref-127	W.Fitzg.	1918		In: J. Proc. Roy. Soc. Western Australia 3: 108
Cyd-Ref-128	Hort. ex Miq.	1840		In: Comm. Phytogr.: 127
Cyd-Ref-129	Miq.	1863		In: Verslagen Meded. Afd. Natuurk. Kon. Akad. Wetensch. 15: 366-367
Cyd-Ref-132	Y.Y.Huang, Y.C.Zhong & Z.F.Lu	2008		In: J. Pl. Genet. Resources 9(4): 525-527
Cyd-Ref-130	Regel	1876		In: Trudy Imp. S.-Peterburgsk. Bot. Sada 4(4): 282
Cyd-Ref-688		1876		In: Trudy Imp. S.-Peterburgsk. Bot. Sada 4(4): 282
Cyd-Ref-131	Regel	1876		In: Trudy Imp. S.-Peterburgsk. Bot. Sada 4(4): 282
Cyd-Ref-133	K.M.Lan & R.F.Zou	1983		In: Acta Phytotax. Sin. 21(2): 209-210
Cyd-Ref-134	C.J.Chen	1975		In: Acta Phytotax. Sin. 13(4): 82, t. 2, figs. 5-6
Cyd-Ref-135	N.Liu	2004		In: Proc. Sixth Int. Conf. Cycad Biol.: 3
Cyd-Ref-689		2004		In: Proc. Sixth Int. Conf. Cycad Biol.: 3
Cyd-Ref-136	P.K.Lôc & T.H.Nguyên	2004		In: Bot. Rev. (Lancaster) 70(2): 153-155, fig. 5
Cyd-Ref-137	S.Y.Yang & S.L.Yang ex D.Yue Wang	1996		In: Cycads China: 62
Cyd-Ref-138	C.Presl.	1849		In: Epimel. Bot.: 238
Cyd-Ref-139	Craib	1912		In: Bull. Misc. Inform. Kew 1912(10): 434-435
Cyd-Ref-140	A.Lindstr. & K.D.Hill	2007		In: Telopea 11(4): 481-483, fig. 3
Cyd-Ref-141	Lour.	1793		In: Fl. Cochinch. 2: 632
Cyd-Ref-142	de Laub.	1996		In: Cycads China: 65
Cyd-Ref-143	Griff.	1854		In: Not. Pl. Asiat. 4: 9-10, pl. 360, figs. 1-2, pl. 362, fig. 1
Cyd-Ref-144	F.Muell.	1882		In: Australas. Chem. Druggist: 16
Cyd-Ref-145	A.Lindstr. & K.D.Hill	2008		In: Telopea 12(1): 136-138, fig. 5
Cyd-Ref-146	C.A.Gardner	1923		In: For. Dep. Bull., W. Austral. 32: 30-32, fig. e
Cyd-Ref-653	Aver., T.H.Nguyên & S.K.Nguyên	2014		In: Nordic J. Bot. [epublished 10 Sep 2014, DOI: 10.1111/njb.00498]
Cyd-Ref-147	S.L.Yang, K.D.Hill & T.H.Nguyên	1997		In: Novon 7(2): 213-215, fig. 1
Cyd-Ref-148	G.A.Fu	2004		In: Bull. Bot. Res., Harbin 24(4): 387-388
Cyd-Ref-149	K.D.Hill	1999		In: Brittonia 51(1): 70-72, fig. 11
Cyd-Ref-150	Hung T.Chang, Y.C.Zhong & Y.Y.Huang	1998		In: Acta Sci. Nat. Univ. Sunyatseni 37(4): 6
Cyd-Ref-151	D.Yue Wang	1996		In: Cycads China: 68
Cyd-Ref-152	F.N.Wei	1997		In: Guihaia 17(3): 209
Cyd-Ref-153	Hung T.Chang & Y.C.Zhong	1997		In: Acta Sci. Nat. Univ. Sunyatseni 36(3): 68
Cyd-Ref-154	Chirgwin & K.D.Hill	1996		In: Telopea 7(1): 48-49, fig. 22
Cyd-Ref-155	K.D.Hill	1996		In: Telopea 7(1): 49-51
Cyd-Ref-575		1996		In: Telopea 7(1): 48-49, fig. 22
Cyd-Ref-156	K.D.Hill	1996		In: Telopea 7(1) : 51-52, fig. 23
Cyd-Ref-157	Griff.	1854		In: Not. Pl. Asiat. 4: 11-14, pl. 362, fig. 2
Cyd-Ref-158	Miq.	1840		In: Comm. Phytogr.: 127
Cyd-Ref-159	R.Br.	1810		In: Prodr. Fl. Nov. Holland. 1: 348
Cyd-Ref-160	K.D.Hill	1996		In: Telopea 7(1): 15-16
Cyd-Ref-161	K.D.Hill	1996		In: Telopea 7(1): 14-15, fig. 6
Cyd-Ref-576		1996		In: Telopea 7(1): 12-14, fig. 5
Cyd-Ref-800	J.Schust.	1932		In: in Engler, Pflanzenr. 99: 78
Cyd-Ref-801	J.Schust.	1932		In: in Engler, Pflanzenr. 99: 78
Cyd-Ref-798	J.Schust.	1932		In: in Engler, Pflanzenr. 99: 78
Cyd-Ref-572		1996		In: Telopea 7(1): 3
Cyd-Ref-162	K.D.Hill	1992		In: Telopea 5(1): 188-189, fig. 5
Cyd-Ref-163	Dyer	1905		In: Gard. Chron., ser. 3 38: 142-144, figs. 48-49
Cyd-Ref-690		1971		In: Nat. Hist. Bull. Siam Soc. 24: 164
Cyd-Ref-164	Smitinand	1971		In: Nat. Hist. Bull. Siam Soc. 24: 164, figs. 2-3, 4f
Cyd-Ref-165	K.D.Hill	1994		In: Austral. Syst. Bot. 7(6): 554-556, fig. 10
Cyd-Ref-166	Warb.	1900		In: Monsunia 1: 179, 181
Cyd-Ref-167	A.Lindstr. & K.D.Hill	2009		In: Telopea 12(3): 396-397, fig. 3
Cyd-Ref-168	Hung T.Chang & Y.C.Zhong	1997		In: Acta Sci. Nat. Univ. Sunyatseni 36(3): 70
Cyd-Ref-169	D.Yue Wang	1996		In: Cycads China: 80
Cyd-Ref-171	D.Yue Wang	1996		In: Cycads China: 83
Cyd-Ref-170	C.J.Chen & S.Y.Yang	1994		In: Acta Phytotax. Sin. 32(3): 239, 480-481
Cyd-Ref-172	J.Schust.	1932		In: in Engler, Pflanzenr. 99: 76, fig. 10e
Cyd-Ref-674	Rita Singh, P.Radha & Khuraijam	2015		In: Asian J. Conservation Biol. 4(1): 3-14, figs. 4-6
Cyd-Ref-173	K.D.Hill & A.Lindstr.	2008		In: Telopea 12(1): 142-143, fig. 6
Cyd-Ref-174	K.D.Hill	1999		In: Brittonia 51(1): 60-62, fig. 7
Cyd-Ref-175	F.Muell.	1874		In: Fragm. (Mueller) 8(66): 169-171, Icon. 65-66
Cyd-Ref-176	K.D.Hill	1992		In: Telopea 5(1): 190-191, fig. 7
Cyd-Ref-177	K.D.Hill	1994		In: Telopea 5(4): 696-697, fig. 3
Cyd-Ref-673	Rita Singh & Khuraijam	2015		In: Asian J. Conservation Biol. 4(1): 3-14, figs. 1-3
Cyd-Ref-178	K.D.Hill	2004		In: Bot. Rev. (Lancaster) 70(2): 176-178, fig. 13
Cyd-Ref-179	Hung T.Chang, Y.Y.Huang & Y.C.Zhong	1998		In: Acta Sci. Nat. Univ. Sunyatseni 37(4): 7
Cyd-Ref-180	L.Zhou & S.Y.Yang	1981		In: Acta Phytotax. Sin. 19(3): 335, t. 10, figs. 1-6; t. 11, figs. 1-10
Cyd-Ref-181	F.Muell.	1876		In: Descr. Notes Papuan Pl. 4: 71-72
Cyd-Ref-182	S.L.Yang	1996		In: Cycads China: 93
Cyd-Ref-183	Buch.-Ham.	1826		In: Mem. Wern. Nat. Hist. Soc. 5(2): 322-323
Cyd-Ref-185	C.J.Chen & P.Yun	1995		In: Acta Bot. Yunnan. 17(4): 400
Cyd-Ref-184	Leandri	1931		In: Fl. Indo-Chine 5(10): 1091
Cyd-Ref-691		1931		In: Fl. Indo-Chine 5(10): 1091
Cyd-Ref-186	A.Lindstr. & K.D.Hill	2003		In: Brittonia 54(4): 299, fig. 1 (2002 publ. 2003)
Cyd-Ref-187	K.D.Hill	1992		In: Telopea 5(1): 193-194, fig. 9
Cyd-Ref-188	S.L.Yang, W.Tang, K.D.Hill & Vatch.	1999		In: Brittonia 51(1): 44-47, fig. 1
Cyd-Ref-189	Maconochie	1978		In: J. Adelaide Bot. Gard. 1(3): 177-178, fig. 2
Cyd-Ref-794	R.C.Srivast. & L.J.Singh	2015		In: Int. J. Curr. Res. Biosci. Plant Biol. 2 (8): 35-37
Cyd-Ref-190	Blume	1848		In: Rumphia 4: 16
Cyd-Ref-191	Thunb.	1782		In: Verh. Holl. Maatsch Weetensch. Haarlem 20(2): 424, 426-427
Cyd-Ref-192	Miq.	1847		In: Tijdschr. Wis- Natuurk. Wetensch. Eerste Kl. Kon. Ned. Inst. Wetensch. 1(1): 207
Cyd-Ref-193	Miq.	1842		In: Monogr. Cycad.: 2526
Cyd-Ref-194	Siebold & Zucc.	1846		In: Abh. Math.-Phys. Cl. Königl. Bayer. Akad. Wiss. 14(3): 236
Cyd-Ref-692		1842		In: Monogr. Cycad.: 2526
Cyd-Ref-195	Messeri	1927		In: Nuovo Giorn. Bot. Ital., n.s., 34: 324, 327
Cyd-Ref-741	J.Schust.	1932		In: in Engler, Pflanzenr. 99: 84
Cyd-Ref-196	Porte ex Regel	1863		In: Gartenflora 12: 16-17
Cyd-Ref-197	Miq.	1839		In: Bull. Sci. Phys. Nat. Néerl. 2: 45
Cyd-Ref-693		1938		In: J. Jap. Bot. 14(9): 587
Cyd-Ref-198	Kaneh.	1938		In: J. Jap. Bot. 14(9): 587
Cyd-Ref-799	J.Schust.	1932		In: in Engler, Pflanzenr. 99: 75
Cyd-Ref-694		1932		In: in Engler, Pflanzenr. 99: 75
Cyd-Ref-199	J.Schust.	1932		In: in Engler, Pflanzenr. 99: 75, figs. 10c-d, 11m
Cyd-Ref-200	Dyer	1902		In: J. Linn. Soc., Bot. 26: 560
Cyd-Ref-695		1840		In: Comm. Phytogr.: 125-126
Cyd-Ref-802	Parham	1948		In: Agric. J. (Suva) 19: 94, f. 7
Cyd-Ref-201	Miq.	1840		In: Comm. Phytogr.: 125-126
Cyd-Ref-595	R.C.Srivast.	2014		In: Indian J. Pl. Sci. [Jaipur] 3(1): 109-110, pl. 1
Cyd-Ref-202	Agoo & Madulid	2012		In: Blumea 57(2): 131
Cyd-Ref-203	K.D.Hill & A.Lindstr.	2008		In: Telopea 12(1): 128-129, fig. 2
Cyd-Ref-204	Lauterb.	1900		In: Fl. Schutzgeb. Südsee: 154-155
Cyd-Ref-205	F.Muell.	1885		In: Vict. Naturalist 2(2): 18-19
Cyd-Ref-206	Braun	1876		In: Sitzungsber. Ges. Naturf. Freunde Berlin: 114-115
Cyd-Ref-207	D.Yue Wang & C.Y.Deng	1995		In: Encephalartos 43: 11-14
Cyd-Ref-208	K.D.Hill	1996		In: Telopea 7(1): 23-26, fig. 11
Cyd-Ref-209	Hung T.Chang, Y.Y.Huang & H.X.Zheng	1998		In: Acta Sci. Nat. Univ. Sunyatseni 37(4): 8
Cyd-Ref-815	P.V.C.Rao, N.V.S.Prasad, P.M.Babu, K.Prassad & Prasanna	2016		In: Asian J. Conservation Biol. 5(1): 55-58, figs. 1-2
Cyd-Ref-210	F.N.Wei	1996		In: Guihaia 16(1): 1
Cyd-Ref-211	G.A.Fu	2006		In: Bull. Bot. Res., Harbin 26(1): 2-3, fig. 1
Cyd-Ref-212	Hung T.Chang & Y.C.Zhong	1995		In: Chin. Bull. Bot. 12: 12
Cyd-Ref-213	Miq.	1863		In: Bot. Zeitung (Berlin) 21: 334
Cyd-Ref-214	J.Schust.	1932		In: in Engler, Pflanzenr. 99: 81
Cyd-Ref-696		1932		In: in Engler, Pflanzenr. 99: 81
Cyd-Ref-215	K.D.Hill	1992		In: Telopea 5(1): 181-182, fig. 1
Cyd-Ref-216	K.D.Hill	1995		In: Proc. Third Int. Conf. Cycad Biol.: 150
Cyd-Ref-217	Roxb.	1832		In: Fl. Ind. (Roxburgh) 3: 747
Cyd-Ref-218	J.Y.Liang	1997		In: Guihaia 17(3): 211
Cyd-Ref-796	Lodd. ex G.Don	1830		In: Hort. Brit. [Loudon]: 403
Cyd-Ref-219	Miq. ex A.Lindstr. & K.D.Hill	2009		In: Telopea 12(3): 408-410, fig. 6
Cyd-Ref-220	Rita Singh & P.Radha	2008		In: Bot. J. Linn. Soc. 158(3): 430-435
Cyd-Ref-221	W.C.Cheng & L.K.Fu	1975		In: Acta Phytotax. Sin. 13(4): 81, t. 1, figs. 7-8
Cyd-Ref-222	N.Liu	2004		In: Proc. Sixth Int. Conf. Cycad Biol.: 2
Cyd-Ref-577		2004		In: Proc. Sixth Int. Conf. Cycad Biol.: 1-4
Cyd-Ref-223	C.F.Shen, K.D.Hill, C.H.Tsou & C.J.Chen	1994		In: Bot. Bull. Acad. Sin. 35(2): 135-138
Cyd-Ref-224	Carruth.	1893		In: J. Bot. 31: 1-3, pl. 331
Cyd-Ref-225	D.Yue Wang	1996		In: Cycads China: 134, fig. 4
Cyd-Ref-226	K.D.Hill & S.L.Yang	1999		In: Brittonia 51(1): 65-66
Cyd-Ref-227	P.I.Forst.	2011		In: Austrobaileya 8(3): 356-363, t.1, figs. 1-4
Cyd-Ref-228	R.Br. ex Gaudich.	1826		In: Voy. Uranie, Bot.: 434
Cyd-Ref-229	Rodigas	1886		In: Ill. Hort. 33: 27
Cyd-Ref-230	K.D.Hill & P.K.Lôc	2004		In: Bot. Rev. (Lancaster) 70(2): 168-170, fig. 10
Cyd-Ref-231	de Laub.	2007		In: Encephalartos 92: 17
Cyd-Ref-232	K.D.Hill	1996		In: Telopea 7(1): 20-23, fig. 10
Cyd-Ref-233	Desf. ex Gaudich.	1829		In: Voy. Uranie, Bot.: 434
Cyd-Ref-234	A.Lindstr. & K.D.Hill	2008		In: Telopea 12(1): 134-136, fig. 4
Cyd-Ref-235	Merr.	1936		In: Philipp. J. Sci. 60(3): 234-236, pls 1-4
Cyd-Ref-236	Miq.	1842		In: Monogr. Cycad.: 32
Cyd-Ref-237	Hung T.Chang & Y.C.Zhong	1997		In: Acta Sci. Nat. Univ. Sunyatseni 36(3): 69
Cyd-Ref-238	K.D.Hill	1996		In: Telopea 7(1): 32-33, fig. 15
Cyd-Ref-239	K.D.Hill	1996		In: Telopea 7(1): 18-19, fig. 8
Cyd-Ref-240	Madulid & Agoo	2005		In: Blumea 50(3): 519-522. fig. 1.
Cyd-Ref-241	A.Lindstr. & K.D.Hill	2002		In: Novon 12(2): 238
Cyd-Ref-243	Lem.	1846		In: Catalog. Vanhoutt. 27: 45
Cyd-Ref-244	Miq.	1847		In: Tijdschr. Wis- Natuurk. Wetensch. Eerste Kl. Kon. Ned. Inst. Wetensch. 1(1): 37-38
Cyd-Ref-245	T.J.Greg., Chemnick, Salas-Mor. & Vovides	2003		In: Bot. J. Linn. Soc. 141(4): 471-476, figs. 1-8
Cyd-Ref-246	De Luca & Sabato	1979		In: Brittonia 31(1): 170-172, figs. 2-3
Cyd-Ref-247	De Luca, Sabato & Vázq.Torres	1980		In: Brittonia 32(1): 44-46, figs. 3-4
Cyd-Ref-248	Lindl.	1843		In: Edwardss Bot. Reg. 29: misc. 59-60
Cyd-Ref-249	Miq.	1861		In: Prodr. Syst. Cycad.: 10, 22
Cyd-Ref-697		1861		In: Prodr. Syst. Cycad.: 10
Cyd-Ref-250	A.E.Murray	1983		In: Kalmia 13: 5
Cyd-Ref-698		1983		In: Kalmia 13: 5
Cyd-Ref-251	Miq.	1868		In: Arch. Néerl. Sci. Exact. Nat. 3: 427
Cyd-Ref-699		1868		In: Arch. Néerl. Sci. Exact. Nat. 3: 427
Cyd-Ref-252	Wittm.	1899		In: Gartenflora 48: 153
Cyd-Ref-253	Dyer	1884		In: Biol. Cent.-Amer., Bot. 3: 191, t. 81, figs. 1-3
Cyd-Ref-254	McVaugh & Pérez de la Rosa	1992		In: Fl. Novo-Galiciana 17: 112
Cyd-Ref-255	De Luca, Sabato & Vázq.Torres	1981		In: Brittonia 33(4): 552-554, figs. 1-2
Cyd-Ref-256	Miq.	1847		In: Tijdschr. Wis- Natuurk. Wetensch. Eerste Kl. Kon. Ned. Inst. Wetensch. 1(1): 36
Cyd-Ref-257	Standl. & L.O.Williams	1951		In: Ceiba 1(1): 36-38
Cyd-Ref-258	De Luca, Sabato & Vázq.Torres	1981		In: Brittonia 33(2): 180-184, figs. 2-3
Cyd-Ref-740	Salas-Mor., Chemnick & T.J.Greg.	2016		In: Cact. Succ. J. (Los Angeles)  88(1): 35-42
Cyd-Ref-259	Rose	1909		In: Contr. U.S. Natl. Herb. 12(7): 260-261
Cyd-Ref-260	De Luca, A.Moretti, Sabato & Vázq.Torres	1980		In: Brittonia 32(2): 225-229
Cyd-Ref-261	Chemnick, T.J.Greg. & Salas-Mor.	1998		In: Phytologia 83(1): 1-6 (1997 publ. 1998)
Cyd-Ref-262	Dyer ex Eichler	1883		In: Gart.-Zeitung (Berlin) 2: 411-413, 438-439, fig. 80
Cyd-Ref-263	Nic.-Mor. & Vovides	2009		In: Syst. Biodivers. 7(1): 73-79, figs. 1-2
Cyd-Ref-264	Lem. ex A.DC.	1868		In: Prodr. [A. P. de Candolle] 16(2): 537
Cyd-Ref-265	De Luca, Sabato & Vázq.Torres	1984		In: Brittonia 36(3): 225-227, figs. 2-5
Cyd-Ref-266	De Luca, Sabato & Vázq.Torres	1984		In: Brittonia 36(3): 226-227, figs. 2B, 3C, 5
Cyd-Ref-700		1984		In: Brittonia 36(3): 225-227
Cyd-Ref-827	Gut.Ortega & Pérez-Farr.	2018		In: Phytotaxa 369(2): 109. 2018 [epublished 13 Sep 2018]
Cyd-Ref-270	Liebm. ex Dyer	1884		In: Biol. Cent.-Amer., Bot. 3: 192
Cyd-Ref-269	Nakai	1943		In: Ord. Fam. Prof. Nakai: 208
Cyd-Ref-428	Mast.	1878		In: Gard. Chron., n.s. 10(261): 810
Cyd-Ref-271	Vorster	1990		In: S. African J. Bot. 56(2): 239-243
Cyd-Ref-272	Lehm.	1834		In: Nov. Stirp. Pug. 6: 11, t. 4-5
Cyd-Ref-701		1842		In: Monogr. Cycad.: 52
Cyd-Ref-590	Miq.	1842		In: Monogr. Cycad.: 52
Cyd-Ref-649	J.M.Wood	1907		In: Ann. Rep. Bot. Gard. Natal: 8-9
Cyd-Ref-612	Regel	1874		In: Trudy Imp. S.-Peterburgsk. Bot. Sada 3(1): 114
Cyd-Ref-636	de Vriese	1846		In: Nederl. Kruidk Arch. 1:171-175
Cyd-Ref-619	Regel	1875		In: Gartenflora 24: 40
Cyd-Ref-617	Regel	1875		In: Gartenflora 24: 41
Cyd-Ref-613	Regel	1874		In: Trudy Imp. S.-Peterburgsk. Bot. Sada 3(1): 114
Cyd-Ref-611	Regel	1874		In: Trudy Imp. S.-Peterburgsk. Bot. Sada 3(1): 114
Cyd-Ref-591	Miq.	1842		In: Monogr. Cycad.: 52
Cyd-Ref-618	Regel	1875		In: Gartenflora 24: 40
Cyd-Ref-273	Vorster	1996		In: S. African J. Bot. 62: 57-60
Cyd-Ref-274	R.A.Dyer	1956		In: J. S. African Bot. 22(1): 1-4
Cyd-Ref-275	Carruth. ex Miq.	1868		In: Arch. Néerl. Sci. Exact. Nat. 3: 243
Cyd-Ref-276	L.E.Newton	1978		In: J. Linn. Soc., Bot. 77(2): 125-129
Cyd-Ref-578		1978		In: J. Linn. Soc., Bot. 77(2): 125-129
Cyd-Ref-277	Lehm. & de Vriese	1838		In: Tijdschr. Natuurl. Gesch. Physiol. 4(4): 414, tt. 6-7
Cyd-Ref-278	Vorster	1996		In: S. African J. Bot. 62(1): 61-64
Cyd-Ref-279	Melville	1957		In: Kew Bull. 12(2): 252, fig. 4
Cyd-Ref-280	Lehm.	1834		In: Nov. Stirp. Pug. 6: 14
Cyd-Ref-625	Miq.	1868		In: Prodr. [A. P. de Candolle] 16(2): 531-532
Cyd-Ref-702		1868		In: Prodr. [A. P. de Candolle] 16(2): 532
Cyd-Ref-609	Regel	1874		In: Trudy Imp. S.-Peterburgsk. Bot. Sada 3(1): 113
Cyd-Ref-610	Regel	1874		In: Trudy Imp. S.-Peterburgsk. Bot. Sada 3(1): 113
Cyd-Ref-281	Lavranos & D.L.Goode	1989		In: Durban Mus. Novit. 14: 153 156
Cyd-Ref-282	R.A.Dyer & I.Verd.	1969		In: Kirkia 7: 147-158
Cyd-Ref-283	R.A.Dyer & I.Verd.	1969		In: Kirkia 7: 147-158
Cyd-Ref-284	R.A.Dyer	1971		In: Bothalia 10(2): 379-383
Cyd-Ref-285	Lehm.	1834		In: Nov. Stirp. Pug. 6: 13
Cyd-Ref-703		1874		In: Trudy Imp. S.-Peterburgsk. Bot. Sada 3(1): 111
Cyd-Ref-606	Regel	1874		In: Trudy Imp. S.-Peterburgsk. Bot. Sada 3(1): 111
Cyd-Ref-607	Regel	1874		In: Trudy Imp. S.-Peterburgsk. Bot. Sada 3(1): 111
Cyd-Ref-624	Sweet	1839		In: Hort. Brit. [Sweet] ed. 3: 626
Cyd-Ref-286	Malaisse, Sclavo & Crosiers	1992		In: Ann. Gembloux 98(2): 153-155, fig. 1
Cyd-Ref-601	F.Muell.	1859		In: Quart. J. Trans. Pharm. Soc. Victoria 2: 90
Cyd-Ref-287	Lavranos & D.L.Goode	1988		In: Bull. Jard. Bot. Natl. Belg. 58(1-2): 219-224
Cyd-Ref-637	F.Muell.	1882		In: Syst. Census Austral. Pl. 1:110
Cyd-Ref-648	F.Muell.	1885		In: Australas. Chem. Druggist 8:12
Cyd-Ref-288	Lavranos & D.L.Goode	1988		In: Bull. Jard. Bot. Natl. Belg. 58(1-2): 219-224
Cyd-Ref-268	Lehm.	1838		In: Tijdschr. Natuurl. Gesch. Physiol. 4(4): 419, pl. 8a
Cyd-Ref-289	P.J.H.Hurter	1995		In: S. African J. Bot. 61(4): 226-229
Cyd-Ref-290	I.Verd.	1945		In: J. S. African Bot. 11(1): 1-3
Cyd-Ref-642		1988		In: Bull. Jard. Bot. Natl. Belg. 58(1-2): 219-224
Cyd-Ref-291	Lavranos & D.L.Goode	1988		In: Bull. Jard. Bot. Natl. Belg. 58(1-2): 219-224
Cyd-Ref-292	I.Verd.	1954		In: Bothalia 6(2): 426
Cyd-Ref-293	G.Bertol	1851		In: Mem. Reale Accad. Sci. Ist. Bologna 3: 264-265
Cyd-Ref-659	P.Rousseau, Vorster & A.E.van Wyk	2015		In: Phytotaxa 204(2): 99-115
Cyd-Ref-658		2015		In: Phytotaxa 204(2): 99-115
Cyd-Ref-294	I.Turner & Sclavo	2006		In: Biotechnol. Agron. Soc. Environm. 10(3): 181-183, figs. 1-4
Cyd-Ref-596	Miq.	1863		In: Verslagen Meded. Afd. Natuurk. Kon. Akad. Wetensch. 15: 368
Cyd-Ref-295	Lehm.	1834		In: Nov. Stirp. Pug. 6: 8, tt. 1-3
Cyd-Ref-296	Lem.	1867		In: Ill. Hort. 14, misc.: 80-81; 15: pl. 567
Cyd-Ref-362	Mast.	1868		In: Gard. Chron. 25(14): 349
Cyd-Ref-297	Vorster, Robbertse & S.van der Westh.	1988		In: S. African J. Bot. 54(4): 363-366, figs. 1-2
Cyd-Ref-298	Prain	1916		In: Bull. Misc. Inform. Kew 1916: 181
Cyd-Ref-704		1938		In: J. S. African Bot. 4: 153
Cyd-Ref-638	Gilliland	1938		In: J. S. African Bot. 4: 153
Cyd-Ref-299	R.A.Dyer	1972		In: Bothalia 10(4): 539-546
Cyd-Ref-300	A.Braun & C.D.Bouché	1874		In: Index Seminum Hort. Bot. Berol. 1874: 18
Cyd-Ref-301	Melville	1957		In: Kew Bull. 12(2): 248
Cyd-Ref-643		1957		In: Kew Bull. 12(2): 248
Cyd-Ref-302	P.J.H.Hurter	1996		In: S. African J. Bot. 62(1): 46-48, fig. 1
Cyd-Ref-303	Lehm.	1834		In: Nov. Stirp. Pug. 6: 14
Cyd-Ref-633	Miq.	1842		In: Monogr. Cycad.: 58-59
Cyd-Ref-705		1838		In: Ann. Sci. Nat., Bot. ser. 2 10: 367
Cyd-Ref-635	Miq.	1838		In: Ann. Sci. Nat., Bot. ser. 2 10: 367
Cyd-Ref-626	J.Schust.	1932		In: in Engler, Pflanzenr. 99: 117
Cyd-Ref-634	Miq.	1842		In: Monogr. Cycad.: 59
Cyd-Ref-627	J.Schust.	1932		In: in Engler, Pflanzenr. 99: 117
Cyd-Ref-304	Hook.	1863		In: Bot. Mag. 89: t. 5371
Cyd-Ref-628	J.Schust.	1932		In: in Engler, Pflanzenr. 99: 117
Cyd-Ref-305	I.Verd.	1951		In: Bothalia 6(1): 220, 241, pl. 3
Cyd-Ref-306	Vorster	1995		In: Novon 5(4): 388, figs. 2-5
Cyd-Ref-307	R.A.Dyer	1964		In: Bothalia 8(2): 169-170
Cyd-Ref-308	Bamps & Lisowski	1990		In: Mem. New York Bot. Gard. 57: 152-155
Cyd-Ref-309	Pócs & Q.Luke	2007		In: J. E. Afr. Nat. Hist. 96(2): 193-201
Cyd-Ref-310	Faden & Beentje	1989		In: Utafiti 2(1): 7-10
Cyd-Ref-311	Hutch.	1932		In: Bull. Misc. Inform. Kew 1932: 512
Cyd-Ref-312	Stapf & Burtt Davy	1926		In: Man. Pl. Transvaal   1: 40, 99
Cyd-Ref-313	Stapf & Burtt Davy	1926		In: Man. Pl. Transvaal  1: 40, 99, fig. 4d
Cyd-Ref-314	Lehm.	1834		In: Nov. Stirp. Pug. 6: 14
Cyd-Ref-706		1842		In: Monogr. Cycad.: 57
Cyd-Ref-594	Miq.	1842		In: Monogr. Cycad.: 57
Cyd-Ref-315	Sweet	1839		In: Hort. Brit. [Sweet] ed. 3: 626
Cyd-Ref-316	Lehm.	1838		In: Tijdschr. Natuurl. Gesch. Physiol. 4(4): 424, t.9
Cyd-Ref-317	De Wild.	1903		In: Ann. Mus. Congo Belge, Bot. sér. 5, 1(1): 10, t. 25
Cyd-Ref-318	I.Verd.	1949		In: Fl. Pl. Africa 27: pls. 1078-1079
Cyd-Ref-319	Lehm.	1834		In: Nov. Stirp. Pug. 6: 14
Cyd-Ref-629	Regel ex J.Schust.	1932		In: in Engler, Pflanzenr. 99: 115
Cyd-Ref-707		1932		In: in Engler, Pflanzenr. 99: 115
Cyd-Ref-630	J.Schust.	1932		In: in Engler, Pflanzenr. 99: 115
Cyd-Ref-708		1868		In: Prodr. [A. P. de Candolle] 16(2): 531
Cyd-Ref-641	Miq.	1868		In: Prodr. [A. P. de Candolle] 16(2): 531
Cyd-Ref-320	De Wild. & T.Durand	1900		In: Bull. Soc. Roy. Bot. Belgique 39: 80
Cyd-Ref-321	Lehm.	1834		In: Nov. Stirp. Pug. 6: 14
Cyd-Ref-593	Miq.	1842		In: Monogr. Cycad.: 56
Cyd-Ref-662	Miq.	1868		In: Prodr. [A. P. de Candolle] 16(2): 531-532
Cyd-Ref-608	Regel	1874		In: Trudy Imp. S.-Peterburgsk. Bot. Sada 3(1): 113
Cyd-Ref-709		1842		In: Monogr. Cycad.: 55-56
Cyd-Ref-592	Miq.	1842		In: Monogr. Cycad.: 55-56
Cyd-Ref-603	F.Muell. ex Miq.	1863		In: Verslagen Meded. Afd. Natuurk. Kon. Akad. Wetensch. 15: 376
Cyd-Ref-728	W.Bull	1870		In: Retail List [Bull] No. 54: 116
Cyd-Ref-322	L.E.Newton	2002		In: Bot. J. Linn. Soc. 140(2): 187-192, figs. 1-6
Cyd-Ref-323	S.Jones & Wynants	1997		In: Encephalartos 50: 13-17, figs. 1-2
Cyd-Ref-730	W.Bull	1873		In: Retail List [Bull] No. 83: 187
Cyd-Ref-324	Gilliland	1939		In: Proc. Rhodesia Sci. Assoc. 37: 133-134
Cyd-Ref-325	de Vriese	1838		In: Tijdschr. Natuurl. Gesch. Physiol. 5: 187-189
Cyd-Ref-326	Devred	1958		In: Bull. Soc. Roy. Bot. Belgique 91: 104-110
Cyd-Ref-327	Miq.	1842		In: Monogr. Cycad.: 48
Cyd-Ref-328	Vorster, Robbertse & S.van der Westh.	1989		In: S. African J. Bot. 55(1): 122-126
Cyd-Ref-639	F.Muell.	1862		In: Fragm. (Mueller) 3: 38
Cyd-Ref-640	F.Muell.	1881		In: Fragm. (Mueller) 11: 125
Cyd-Ref-329	Vorster	1996		In: S. African J. Bot. 62(2): 67-70
Cyd-Ref-330	R.A.Dyer & I.Verd.	1969		In: Kirkia 7: 147-158
Cyd-Ref-331	Lehm.	1838		In: Tijdschr. Natuurl. Gesch. Physiol. 4(4): 421, t. 8c
Cyd-Ref-332	R.A.Dyer & I.Verd.	1951		In: Bothalia 6(1): 205-211, pls 1-3
Cyd-Ref-333	I.Verd.	1949		In: Fl. Pl. Africa 27: pls 1053-1054
Cyd-Ref-334	P.J.H.Hurter	1995		In: Phytologia 78(6): 409-410, fig. 1
Cyd-Ref-600	Miq.	1863		In: Verslagen Meded. Afd. Natuurk. Kon. Akad. Wetensch. 15: 370
Cyd-Ref-335	Stapf & Burtt Davy	1926		In: Man. Pl. Transvaal   1: 40, 99, fig. 4a
Cyd-Ref-602	F.Muell.	1859		In: Quart. J. Trans. Pharm. Soc. Victoria 2: 90
Cyd-Ref-336	Asch.	1878		In: Verh. Bot. Vereins Prov. Brandenburg 20: 35-36
Cyd-Ref-597	F.Muell.	1858		In: Quart. J. Trans. Pharm. Soc. Victoria 2: 90
Cyd-Ref-337	R.A.Dyer	1965		In: J. S. African Bot. 31(2): 111-112, pl. 19
Cyd-Ref-620	Sweet	1839		In: Hort. Brit. [Sweet] ed. 3: 626
Cyd-Ref-338	R.A.Dyer & I.Verd.	1969		In: Kirkia 7: 147-158
Cyd-Ref-623	Sweet	1839		In: Hort. Brit. [Sweet] ed. 3: 626
Cyd-Ref-339	Lehm.	1834		In: Nov. Stirp. Pug. 6: 13
Cyd-Ref-650	W.Bull	1889		In: Retail List [Bull] No. 250: 8, t. 4
Cyd-Ref-340	P.J.H.Hurter	2001		In: Bothalia 31(2): 197-199
Cyd-Ref-621	Sweet	1839		In: Hort. Brit. [Sweet] ed. 3: 626
Cyd-Ref-341	Malaisse, Sclavo & Crosiers	1993		In: Bull. Jard. Bot. Natl. Belg. 62: 215-219
Cyd-Ref-342	Malaisse	1969		In: Bull. Jard. Bot. Natl. Belg. 39(4): 401-406
Cyd-Ref-267	De Luca, D.W.Stev. & A.Moretti	1991		In: Delpinoa 29-30: 3-5 (1989 issued 1991 Oct. 24)
Cyd-Ref-343	A.Moretti, D.W.Stev. & De Luca	1990		In: Mem. New York Bot. Gard. 57: 156-161
Cyd-Ref-344	Vorster	1996		In: S. African J. Bot. 62(2): 76-79
Cyd-Ref-345	Schweinf.	1871		In: Bot. Zeitung (Berlin) 29(20): 334
Cyd-Ref-346	Lehm.	1838		In: Tijdschr. Natuurl. Gesch. Physiol. 4(4): 419, t. 8c
Cyd-Ref-589	Lehm.	1834		In: Nov. Stirp. Pug. 6: 13
Cyd-Ref-644	F.Muell.	1866		In: Fragm. (Mueller) 5: 172
Cyd-Ref-598	Miq.	1863		In: Verslagen Meded. Afd. Natuurk. Kon. Akad. Wetensch. 15: 368
Cyd-Ref-710		1863		In: Verslagen Meded. Afd. Natuurk. Kon. Akad. Wetensch. 15: 368
Cyd-Ref-347	Stapf & Burtt Davy	1926		In: Man. Pl. Transvaal 1: 40, 99
Cyd-Ref-348	Vorster	1995		In: S. African J. Bot. 61(6): 347
Cyd-Ref-349	Melville	1957		In: Kew Bull. 12(2): 249, fig. 3
Cyd-Ref-350	Miringu & Beentje	1999		In: J. E. Afr. Nat. Hist. 88: 35
Cyd-Ref-579		1999		In: J. E. Afr. Nat. Hist. 88: 35
Cyd-Ref-351	Stapf & Burtt Davy	1926		In: Man. Pl. Transvaal  1: 40, 99, fig. 4b
Cyd-Ref-352	Lehm.	1834		In: Nov. Stirp. Pug. 6: 13
Cyd-Ref-353	R.A.Dyer	1965		In: J. S. African Bot. 31(2): 112-116, pl. 20
Cyd-Ref-354	Lavranos & D.L.Goode	1985		In: Garcia de Orta, Ser. Bot. 7(1-2): 11-14
Cyd-Ref-355	R.A.Dyer	1951		In: Fl. Pl. Africa 28: pl. 1100
Cyd-Ref-631	de Vriese	1838		In: Tijdschr. Natuurl. Gesch. Physiol. 4(4): 422
Cyd-Ref-356	Vorster	1996		In: S. African J. Bot. 62(2): 71
Cyd-Ref-357	Vorster, Robbertse & S.van der Westh.	1988		In: S. African J. Bot. 54(5): 487-490, figs. 1-3
Cyd-Ref-605	Regel	1874		In: Trudy Imp. S.-Peterburgsk. Bot. Sada 3(1): 111
Cyd-Ref-358	Lem.	1867		In: Ill. Hort. 14, misc.: 79-80; 15
Cyd-Ref-647	P.Hennings	1890		In: Gartenflora 39: 238
Cyd-Ref-646	P.Hennings	1890		In: Gartenflora 39: 238
Cyd-Ref-711		1890		In: Gartenflora 39: 238
Cyd-Ref-731	W.Bull	1873		In: Retail List [Bull] No. 83: 187
Cyd-Ref-645	Auct.	1876		In: Gard. Chron. n.s. 6: 711, figs. 134-135
Cyd-Ref-712		1873		In: Retail List [Bull] No. 83: 187
Cyd-Ref-359	A.Moretti, D.W.Stev. & Sclavo	1989		In: Ann. Missouri Bot. Gard. 76(3): 935
Cyd-Ref-370	Mast.	1868		In: Gard. Chron. 25(14): 349
Cyd-Ref-360	P.J.H.Hurter	1995		In: Phytologia 78(6): 410-411, fig. 3
Cyd-Ref-361	Sander ex J.M.Wood	1908		In: Gard. Chron., ser. 3 43: 414
Cyd-Ref-739	Sander	1908		In: Gard. Chron., ser. 3 43: 257
Cyd-Ref-363	S.L.Yang ex de Laub.	1998		In: Blumea 43(2): 393
Cyd-Ref-364	de Laub.	1998		In: Blumea 43(2): 395
Cyd-Ref-365	de Laub.	1998		In: Blumea 43(2): 389
Cyd-Ref-366	de Laub.	1998		In: Blumea 43(2): 393
Cyd-Ref-367	de Laub.	1998		In: Blumea 43(2): 391
Cyd-Ref-368	de Laub.	1998		In: Blumea 43(2): 393
Cyd-Ref-369	de Laub.	1998		In: Blumea 43(2): 391
Cyd-Ref-604	Regel	1875		In: Gartenflora 24: 43
Cyd-Ref-371	Regel	1876		In: Gartenflora 25: 6
Cyd-Ref-372	Regel	1857		In: Bull. Soc. Imp. Naturalistes Moscou 30(1): 184-185, fig. 21
Cyd-Ref-373	Kunze	1839		In: Linnaea 13: 152
Cyd-Ref-375	P.I.Forst. & D.L.Jones	1998		In: Fl. Australia 48: 717
Cyd-Ref-376	L.A.S.Johnson	1959		In: Proc. Linn. Soc. New South Wales, ser. 2, 84(1): 98
Cyd-Ref-377	D.L.Jones	1998		In: Fl. Australia 48: 718
Cyd-Ref-378	D.L.Jones & P.I.Forst.	1994		In: Austrobaileya 4(2): 271-273, fig. 1
Cyd-Ref-379	Hook.f.	1872		In: Bot. Mag. 98: t. 5943
Cyd-Ref-733	W.Bull	1873		In: Retail List [Bull] No. 83: 8
Cyd-Ref-380	D.L.Jones & P.I.Forst.	1994		In: Austrobaileya 4(2): 273-275, fig. 2
Cyd-Ref-381	P.I.Forst. & D.L.Jones	1994		In: Austrobaileya 4(2): 275-276, fig. 3
Cyd-Ref-382	C.Moore	1884		In: J. Proc. Roy. Soc. New S. Wales 17: 119
Cyd-Ref-615	W.Bull	1874		In: Gard. Chron., n.s. 1(17): 532
Cyd-Ref-383	C.Moore & F.Muell.	1858		In: Fragm. (Mueller) 1(2): 41
Cyd-Ref-384	L.A.S.Johnson	1959		In: Proc. Linn. Soc. New South Wales, ser. 2, 84(1): 98
Cyd-Ref-385	W.Hill ex F.M.Bailey	1883		In: Syn. Queensl. Fl.: 500
Cyd-Ref-386	C.A.Gardner	1930		In: Enum. Pl. Austral. Occ.: 3
Cyd-Ref-735	W.Bull	1873		In: Gard. Chron. 30(11): 358
Cyd-Ref-387	K.D.Hill & D.L.Jones	1998		In: Fl. Australia 48: 718
Cyd-Ref-734	W.Bull	1873		In: Gard. Chron. 30(11): 358
Cyd-Ref-388	C.Moore	1884		In: J. Proc. Roy. Soc. New S. Wales 17: 120
Cyd-Ref-389	D.L.Jones	1991		In: Austrobaileya 3(3): 481
Cyd-Ref-390	C.Moore	1884		In: J. Proc. Roy. Soc. New S. Wales 17: 121
Cyd-Ref-391	Miq.	1842		In: Monogr. Cycad.: 37
Cyd-Ref-392	D.L.Jones	1998		In: Fl. Australia 48: 718-719
Cyd-Ref-393	C.Moore	1884		In: J. Proc. Roy. Soc. New S. Wales 17: 122
Cyd-Ref-394	C.Moore	1883		In: J. Proc. Roy. Soc. New S. Wales 17: 116
Cyd-Ref-586	W.Hill	1886		In: Syn. Queensl. Fl. Suppl. 1: 52
Cyd-Ref-395	D.L.Jones	1998		In: Fl. Australia 48: 719
Cyd-Ref-396	D.L.Jones & K.D.Hill	1992		In: Telopea 5(1): 31
Cyd-Ref-397	D.L.Jones	1991		In: Austrobaileya 3(3): 483
Cyd-Ref-398	P.I.Forst. & D.L.Jones	1998		In: Fl. Australia 48: 717
Cyd-Ref-399	L.A.S.Johnson	1959		In: Proc. Linn. Soc. New South Wales, ser. 2, 84(1): 102
Cyd-Ref-400	A.DC.	1868		In: Prodr. [A. P. de Candolle] 16(2): 537
Cyd-Ref-401	P.I.Forst. & D.L.Jones	1994		In: Austrobaileya 4(2): 276
Cyd-Ref-402	Mast.	1877		In: Gard. Chron., n.s. 7(178): 665
Cyd-Ref-738	W.Bull	1877		In: Retail List [Bull] No. 129: 7
Cyd-Ref-403	Miq.	1868		In: Arch. Néerl. Sci. Exact. Nat. 3: 250
Cyd-Ref-404	A.DC.	1868		In: Prodr. [A. P. de Candolle] 16(2): 535
Cyd-Ref-405	K.D.Hill	1998		In: Fl. Australia 48: 717
Cyd-Ref-406	F.Muell.	1881		In: Australas. Chem. Druggist 4: 84
Cyd-Ref-407	F.M.Bailey	1886		In: Syn. Queensl. Fl. Suppl. 1: 50
Cyd-Ref-408	D.L.Jones & P.I.Forst.	1994		In: Austrobaileya 4(2): 278, fig. 5
Cyd-Ref-409	A.DC.	1868		In: Prodr. [A. P. de Candolle] 16(2): 535
Cyd-Ref-410	P.I.Forst. & D.L.Jones	1994		In: Austrobaileya 4(2): 279-281, fig. 6
Cyd-Ref-411	W.Hill & F.Muell.	1859		In: Fragm. (Mueller) 1(4): 86
Cyd-Ref-412	L.A.S.Johnson	1959		In: Proc. Linn. Soc. New South Wales, ser. 2, 84(1): 109
Cyd-Ref-713		1959		In: Proc. Linn. Soc. New South Wales, ser. 2, 84(1): 108-109
Cyd-Ref-413	L.A.S.Johnson	1959		In: Proc. Linn. Soc. New South Wales, ser. 2, 84(1): 108
Cyd-Ref-414	Miq.	1868		In: Arch. Néerl. Sci. Exact. Nat. 3: 252
Cyd-Ref-415	F.M.Bailey	1898		In: Queensland Agric. J. 3: 356
Cyd-Ref-616	W.Bull	1874		In: Gard. Chron., n.s. 1(17): 532
Cyd-Ref-416	D.L.Jones	1991		In: Austrobaileya 3(3): 484
Cyd-Ref-417	D.L.Jones	1998		In: Fl. Australia 48: 718
Cyd-Ref-599	Lehm.	1844		In: Nov. Stirp. Pug. 8: 31
Cyd-Ref-419	K.D.Hill & D.L.Jones	1998		In: Fl. Australia 48: 718
Cyd-Ref-420	C.A.Gardner	1930		In: Enum. Pl. Austral. Occ.: 3
Cyd-Ref-421	C.Moore	1884		In: J. Proc. Roy. Soc. New S. Wales 17: 122
Cyd-Ref-422	D.L.Jones & P.I.Forst.	2001		In: Austrobaileya 6(1): 90-92, figs. 20-21
Cyd-Ref-423	Miq.	1842		In: Monogr. Cycad.: 36
Cyd-Ref-736	W.Bull	1873		In: Retail List [Bull] No. 83: 8
Cyd-Ref-732	W.Bull	1873		In: Retail List [Bull] No. 83: 187
Cyd-Ref-424	L.A.S.Johnson	1959		In: Proc. Linn. Soc. New South Wales, ser. 2, 84(1): 106
Cyd-Ref-588	Regel	1876		In: Gartenflora 25: 229
Cyd-Ref-425	D.L.Jones & P.I.Forst.	1994		In: Austrobaileya 4(2): 281-283, fig. 7
Cyd-Ref-427	A.DC.	1868		In: Prodr. [A. P. de Candolle] 16(2): 538
Cyd-Ref-748	Kuntze	1891		In: Revis. Gen. Pl. 2: 803
Cyd-Ref-749	Kuntze	1891		In: Revis. Gen. Pl. 2: 803
Cyd-Ref-750	Kuntze	1891		In: Revis. Gen. Pl. 2: 803
Cyd-Ref-751	Kuntze	1891		In: Revis. Gen. Pl. 2: 803
Cyd-Ref-752	Kuntze	1891		In: Revis. Gen. Pl. 2: 803
Cyd-Ref-753	Kuntze	1891		In: Revis. Gen. Pl. 2: 803
Cyd-Ref-754	Kuntze	1891		In: Revis. Gen. Pl. 2: 803
Cyd-Ref-755	Kuntze	1891		In: Revis. Gen. Pl. 2: 803
Cyd-Ref-756	Kuntze	1891		In: Revis. Gen. Pl. 2: 803
Cyd-Ref-757	Kuntze	1891		In: Revis. Gen. Pl. 2: 803
Cyd-Ref-758	Kuntze	1891		In: Revis. Gen. Pl. 2: 803
Cyd-Ref-759	Kuntze	1891		In: Revis. Gen. Pl. 2: 803
Cyd-Ref-760	Kuntze	1891		In: Revis. Gen. Pl. 2: 803
Cyd-Ref-761	Kuntze	1891		In: Revis. Gen. Pl. 2: 803
Cyd-Ref-762	Kuntze	1891		In: Revis. Gen. Pl. 2: 803
Cyd-Ref-763	Kuntze	1891		In: Revis. Gen. Pl. 2: 803
Cyd-Ref-764	Kuntze	1891		In: Revis. Gen. Pl. 2: 803
Cyd-Ref-765	Kuntze	1891		In: Revis. Gen. Pl. 2: 803
Cyd-Ref-766	Kuntze	1891		In: Revis. Gen. Pl. 2: 803
Cyd-Ref-767	Kuntze	1891		In: Revis. Gen. Pl. 2: 803
Cyd-Ref-768	Kuntze	1891		In: Revis. Gen. Pl. 2: 803
Cyd-Ref-769	Kuntze	1891		In: Revis. Gen. Pl. 2: 803
Cyd-Ref-770	Kuntze	1891		In: Revis. Gen. Pl. 2: 803
Cyd-Ref-771	Kuntze	1891		In: Revis. Gen. Pl. 2: 803
Cyd-Ref-772	Kuntze	1891		In: Revis. Gen. Pl. 2: 803
Cyd-Ref-773	Kuntze	1891		In: Revis. Gen. Pl. 2: 803
Cyd-Ref-774	Kuntze	1891		In: Revis. Gen. Pl. 2: 803
Cyd-Ref-429	Zucc.	1845		In: Abh. Math.-Phys. Cl. Königl. Bayer. Akad. Wiss. 4(2): 23, t. 4
Cyd-Ref-430	Baill.	1894		In: Hist. Pl. (Baillon) 12: 68, in adnot.
Cyd-Ref-431	Regel	1874		In: Gartenflora 23: 163, t. 798
Cyd-Ref-432	T.Moore	1853		In: Hooker's J. Bot. Kew Gard. Misc. 5: 228
Cyd-Ref-433	W.Bull	1872		In: Retail List [Bull] No. 72: 8
Cyd-Ref-436	Oerst. ex Dyer	1884		In: Biol. Cent.-Amer., Bot. 3: 194
Cyd-Ref-437	Millsp.	1900		In: Publ. Field Columb. Mus., Bot. Ser. 2(1): 23
Cyd-Ref-438	D.W.Stev.	2001		In: Fl. Colombia (1983+) 21: 33, fig. 3
Cyd-Ref-439	D.W.Stev.	1987		In: Fairchild Trop. Gard. Bull. 42(3): 26
Cyd-Ref-440	W.Bull ex Mast.	1878		In: Gard. Chron., n.s. 10(261): 810
Cyd-Ref-441	Jacq.	1791		In: Collectanea [Jacquin] 3: 263-265
Cyd-Ref-715		1878		In: Gartenflora 27: 13
Cyd-Ref-584	Regel	1878		In: Gartenflora 27: 13
Cyd-Ref-745	Regel	1878		In: Gartenflora 27: 13
Cyd-Ref-746	Regel	1878		In: Gartenflora 27: 13
Cyd-Ref-583	Regel	1878		In: Gartenflora 27: 13
Cyd-Ref-442	Miq.	1851		In: Nieuwe Verh. Eerste Kl. Kon. Ned. Inst. Wetensch. Amsterdam 3(4): 184
Cyd-Ref-51	Hort. ex Regel	1876		In: Trudy Imp. S.-Peterburgsk. Bot. Sada 4(4): 308
Cyd-Ref-443	Mast.	1868		In: Gard. Chron. 25(14): 349
Cyd-Ref-444	A.DC.	1868		In: Prodr. [A. P. de Candolle] 16(2): 540
Cyd-Ref-445	Wedd.	1849		In: Ann. Sci. Nat., Bot. ser. 3, 13: 249, pl. 3
Cyd-Ref-446	Schutzman, R.S.Adams, J.L.Haynes & Whitelock	2008		In: Cycad Newslett. 31(2-3): 22-26, figs 1-16, 18-19
Cyd-Ref-426	Thunb.	1800		In: Prodr. Pl. Cap. 2: 92
Cyd-Ref-447	Miq.	1852		In: Fl. Serres Jard. Eur. 7(6): 141
Cyd-Ref-448	J.Schust.	1932		In: in Engler, Pflanzenr. 99: 153
Cyd-Ref-449	Seem.	1854		In: Bot. Voy. Herald 6: 201-203, t. 43
Cyd-Ref-450	Vovides, Schutzman & Dehgan	1988		In: Bot. Gaz. 149(3): 351
Cyd-Ref-451	Dressler & D.W.Stev.	1993		In: Brittonia 45(1): 5-6, fig. 2
Cyd-Ref-452	Ducke	1922		In: Arch. Jard. Bot. Rio de Janeiro 3: 20, pl. 1
Cyd-Ref-453	Dyer	1884		In: Biol. Cent.-Amer., Bot. 3: 195
Cyd-Ref-454	Jacq.	1801		In: Fragm. Bot.: 27, tt. 25-26
Cyd-Ref-455	S.Brunner	1825		In: Flora 8: 733
Cyd-Ref-456	L.f.	1782		In: Suppl. Pl.: 443
Cyd-Ref-457	L.f.	1789		In: Hort. Kew. (W. Aiton) 3: 478
Cyd-Ref-458	Calonje, Meerman, M.P.Griff. & Hoese	2009		In: J. Bot. Res. Inst. Texas 3(1): 31-41, figs. 1-3
Cyd-Ref-459	Voigt	1828		In: Syll. Pl. Nov. 2: 53
Cyd-Ref-460	D.W.Stev. & Sabato	2001		In: Fl. Colombia (1983+) 21: 38-40, fig. 4
Cyd-Ref-461	D.W.Stev.	1993		In: Brittonia 45(1): 6, fig. 3
Cyd-Ref-15	Schutzman, Vovides & R.S.Adams	1998		In: Phytologia 85(3): 140144, f. 1, 3a, 4
Cyd-Ref-462	Schutzman, Vovides & R.S.Adams	2003		In: Phytologia 85(6): 389 (1998 publ. 21 Aug. 2003)
Cyd-Ref-463	D.W.Stev.	2001		In: Fl. Colombia (1983+) 21: 40-42, fig. 5
Cyd-Ref-464	O.F.Cook & G.N.Collins	1903		In: Contr. U.S. Natl. Herb. 8(2): 267
Cyd-Ref-465	L.D.Gómez	1982		In: Phytologia 50(6): 401-404
Cyd-Ref-466	Miq.	1845		In: Hort. Vanhoutt. 1(1): 20
Cyd-Ref-467	A.DC.	1868		In: Prodr. [A. P. de Candolle] 16(2): 544
Cyd-Ref-716		2001		In: Novon 11(3): 363
Cyd-Ref-787	J.Schust.	1932		In: in Engler, Pflanzenr. 99: 151-152
Cyd-Ref-788	J.Schust.	1932		In: in Engler, Pflanzenr. 99: 152
Cyd-Ref-242	D.B.Ward	2001		In: Novon 11(3): 363
Cyd-Ref-468	L.f.	1789		In: Hort. Kew. (W. Aiton) 3: 477
Cyd-Ref-717		1868		In: Prodr. [A. P. de Candolle] 16(2): 541
Cyd-Ref-469	Miq.	1868		In: Prodr. [A. P. de Candolle] 16(2): 541
Cyd-Ref-470	de Vriese	1845		In: Tijdschr. Natuurl. Gesch. Physiol. 12: 24
Cyd-Ref-471	Dodson	1998		In: Novon 8(1): 12-14, fig. 1a-f
Cyd-Ref-472	R.H.Acuña	2010		In: Brenesia 73-74: 29-33, fig. 1
Cyd-Ref-473	Pérez-Farr., Vovides & Mart.-Camilo	2012		In: Nordic J. Bot. 30(5): 565-570
Cyd-Ref-474	Carabia	1941		In: Caribbean Forest. 2: 89
Cyd-Ref-475	Sauvalle	1868		In: Anales Acad. Ci. Med. Habana 5: 54-55
Cyd-Ref-476	A.S.Taylor, J.L.Haynes & Holzman	2008		In: Bot. J. Linn. Soc. 158(3): 399-429, figs. 6, 7a, 8a
Cyd-Ref-477	S.Calderón & Standl.	1924		In: J. Wash. Acad. Sci. 14(4): 93-94, fig. 1
Cyd-Ref-478	Jacq.	1801		In: Fragm. Bot.: 27-28, tt. 27, 28
Cyd-Ref-479	Calonje, H.E.Esquivel & D.W.Stev.	2012		In: Caldasia 34(2): 283-290
Cyd-Ref-480	Salisb.	1796		In: Prodr. Stirp. Chap. Allerton: 400
Cyd-Ref-481	D.W.Stev.	2001		In: Fl. Colombia (1983+) 21: 43-44, fig. 6
Cyd-Ref-482	A.S.Taylor, J.L.Haynes & Holzman	2008		In: Bot. J. Linn. Soc. 158(3): 399-429, figs. 7c, 8c, 11
Cyd-Ref-483	A.Lindstr. & Idárraga	2009		In: Phytotaxa 2: 29-34, figs. 1-3
Cyd-Ref-484	Vovides, J.D.Rees & Vázq.Torres	1983		In: Fl. Veracruz 26: 22-24, fig. 3
Cyd-Ref-485	L.f.	1789		In: Hort. Kew. (W. Aiton) 3: 478
Cyd-Ref-821	D.B.Ward	2016		In: Phytologia 98(3): 175
Cyd-Ref-822	D.B.Ward	2016		In: Phytologia 98(3): 175
Cyd-Ref-823		2016		In: Phytologia 98(3): 174
Cyd-Ref-824	D.B.Ward	2016		In: Phytologia 98(3): 176
Cyd-Ref-825	D.B.Ward	2016		In: Phytologia 98(3): 174
Cyd-Ref-486	D.W.Stev.	1993		In: Brittonia 45(1): 7-9, fig. 4
Cyd-Ref-487	R.E.Schult.	1953		In: Mutisia 15: 2, fig. p. 5 s.n.
Cyd-Ref-488	E.Rettig	1896		In: Gartenflora 45: 148-149, fig. 31
Cyd-Ref-489	Miq.	1842		In: Monogr. Cycad.: 71, t. 8
Cyd-Ref-490	Schutzman & Vovides	1998		In: Novon 8(4): 441-446, figs. 1-3
Cyd-Ref-491	Salisb.	1796		In: Prodr. Stirp. Chap. Allerton: 400
Cyd-Ref-492	Jacq.	1801		In: Fragm. Bot.: 28, tt. 30-31
Cyd-Ref-493	Lodd. ex Miq.	1849		In: Tijdschr. Wis-Natuurk. Wetensch. Eerste Kl. Kon. Ned. Inst. Wetensch. 2(4): 298
Cyd-Ref-494	Prenlel.	1872		In: Bull. Soc. Vaud. Sci. Nat. 11: 278
Cyd-Ref-495	Dyer	1884		In: Biol. Cent.-Amer., Bot. 3: 195
Cyd-Ref-496	Ducke	1915		In: Arch. Jard. Bot. Rio de Janeiro 1: 9-10, pls 1-2
Cyd-Ref-497	Miq.	1847		In: Linnaea 19(4): 425
Cyd-Ref-498	Regel	1876		In: Trudy Imp. S.-Peterburgsk. Bot. Sada 4(4): 307
Cyd-Ref-499	Regel	1876		In: Trudy Imp. S.-Peterburgsk. Bot. Sada 4(4): 307
Cyd-Ref-718		1876		In: Trudy Imp. S.-Peterburgsk. Bot. Sada 4(4): 307
Cyd-Ref-500	Regel ex André	1875		In: Ill. Hort. 22: 23, pl. 195
Cyd-Ref-501	Warsz. ex A.Dietr.	1851		In: Allg. Gartenzeitung 19: 145-146, fig. s.n.
Cyd-Ref-826	D.W.Stev., D.Cárdenas & N.Castaño	2018		In: Brittonia 70(3): 364 [epublished 19 Jun 2018]
Cyd-Ref-502	Miq.	1843		In: Tijdschr. Natuurl. Gesch. Physiol. 10: 72-73
Cyd-Ref-503	Regel	1857		In: Bull. Soc. Imp. Naturalistes Moscou 30(1): 190
Cyd-Ref-719		1857		In: Bull. Soc. Imp. Naturalistes Moscou 30(1): 190
Cyd-Ref-504	J.Schust.	1932		In: in Engler, Pflanzenr. 99: 147
Cyd-Ref-505	Regel	1857		In: Bull. Soc. Imp. Naturalistes Moscou 30(1): 190
Cyd-Ref-506	Jacq.	1801		In: Fragm. Bot.: 28, t. 29
Cyd-Ref-507	Britton	1907		In: Bull. New York Bot. Gard. 5(18): 311
Cyd-Ref-508	D.W.Stev.	2004		In: Cycad Classific. Concepts & Recommend.: 185-186, fig. 14.7
Cyd-Ref-509	R.E.Schult.	1958		In: Bot. Mus. Leafl. 18: 114, pl. 18
Cyd-Ref-510	Miq.	1844		In: Linnaea 18(1): 97-98
Cyd-Ref-511	Linden ex Regel	1876		In: Trudy Imp. S.-Peterburgsk. Bot. Sada 4(4): 310, t. 926, fig. e
Cyd-Ref-512	Jacq.	1798		In: Pl. Rar. Hort. Schoenbr. 3: 77, tt. 397, 398
Cyd-Ref-775	J.Schust.	1932		In: in Engler, Pflanzenr. 99: 155-157
Cyd-Ref-777	J.Schust.	1932		In: in Engler, Pflanzenr. 99: 157
Cyd-Ref-780	J.Schust.	1932		In: in Engler, Pflanzenr. 99: 154-155
Cyd-Ref-781	J.Schust.	1932		In: in Engler, Pflanzenr. 99: 155
Cyd-Ref-776	J.Schust.	1932		In: in Engler, Pflanzenr. 99: 157-158
Cyd-Ref-782	J.Schust.	1932		In: in Engler, Pflanzenr. 99: 158
Cyd-Ref-779	J.Schust.	1932		In: in Engler, Pflanzenr. 99: 158
Cyd-Ref-778	J.Schust.	1932		In: in Engler, Pflanzenr. 99: 158
Cyd-Ref-513	Calonje	2009		In: J. Bot. Res. Inst. Texas 3(1): 23-29, figs. 1-2
Cyd-Ref-514	D.W.Stev.	2001		In: Fl. Colombia (1983+)21: 55, fig. 11
Cyd-Ref-515	Miq.	1861		In: Prodr. Syst. Cycad.: 13-14, 25-26
Cyd-Ref-737	W.Bull	1876		In: Retail List [Bull] No. 121: 149
Cyd-Ref-516	Braun	1875		In: Monatsber. Königl. Preuss. Akad. Wiss. Berlin: 376-377
Cyd-Ref-517	Chamb.	1926		In: Bot. Gaz. 81(2): 219, 223, figs. 1-3
Cyd-Ref-518	A.DC.	1868		In: Prodr. [A. P. de Candolle] 16(2): 545
Cyd-Ref-519	Willd.	1806		In: Sp. Pl., ed. 4 [Willdenow] 4: 847-848
Cyd-Ref-520	Miq.	1842		In: Monogr. Cycad.: 66
Cyd-Ref-720		1842		In: Monogr. Cycad.: 66
Cyd-Ref-521	Miq.	1843		In: Tijdschr. Natuurl. Gesch. Physiol. 10: 71-72
Cyd-Ref-434	A.Lindstr., Calonje, D.W.Stev. & A.S.Taylor	2013		In: Phytotaxa 98(2): 2742, figs. 6-7
Cyd-Ref-435	de Vriese	1838		In: Tijdschr. Natuurl. Gesch. Physiol. 4:(4) 421
Cyd-Ref-522	A.S.Taylor, J.L.Haynes & Holzman	2008		In: Bot. J. Linn. Soc. 158(3): 399-429, figs. 7b, 8b, 10
Cyd-Ref-523	D.W.Stev.	1993		In: Brittonia 45(1): 10, fig. 5
Cyd-Ref-524	Linden ex Wittm.	1897		In: Gartenflora 46: 358
Cyd-Ref-525	Ducke	1922		In: Arch. Jard. Bot. Rio de Janeiro 3: 19
Cyd-Ref-526	A.Braun	1875		In: Monatsber. Königl. Preuss. Akad. Wiss. Berlin: 376
Cyd-Ref-527	Regel ex Ducos	1877		In: Ill. Hort. 24: 140, pl. 289
Cyd-Ref-528	E.Calderón & D.W.Stev.	2003		In: Revista Acad. Colomb. Ci. Exact. 27(105): 486-490
Cyd-Ref-529	C.Nelson & Sandoval	2008		In: Ceiba 49(1): 135-136, figs. 1-6
Cyd-Ref-530	C.Nelson	2006		In: Ceiba 46(1): 42, figs. 11-13
Cyd-Ref-531	Miq.	1844		In: Linnaea 17(6): 740
Cyd-Ref-532	Salisb.	1796		In: Prodr. Stirp. Chap. Allerton: 401
Cyd-Ref-582	Poepp. ex Eichler	1863		In: Fl. Bras. (Martius) 4(1): 414
Cyd-Ref-830	Calonje	2018		In: Phytotaxa 385(2): 85-93. 2018 [epublished 27 Dec 2018]
Cyd-Ref-533	Wieland	1916		In: Amer. Foss. Cycads 2: 212, fig. 86
Cyd-Ref-534	Dyer	1884		In: Biol. Cent.-Amer., Bot. 3: 194
Cyd-Ref-535	Mart. & Eichler	1863		In: Fl. Bras. (Martius) 4(1): 414-416, t. 109
Cyd-Ref-536	D.W.Stev., A.Moretti & Vázq.Torres	1998		In: Delpinoa 37-38: 3-8, fig. 1 (199596 issued 1998)
Cyd-Ref-537	Urb.	1899		In: Symb. Antill. 1(2): 291
Cyd-Ref-538	Hort. ex Miq.	1869		In: Verh. Kon. Ned. Akad. Wetensch., Afd. Natuurk. 2(4): 30
Cyd-Ref-539	W.Bull	1881		In: Retail List [Bull]: No. 176: 20
Cyd-Ref-654	Rob.	1876		In: The Garden 9: 559
Cyd-Ref-48	L.D.Gómez	1982		In: Phytologia 50(6): 401-404
Cyd-Ref-540	L.D.Gómez ex D.W.Stev. & Sabato	1986		In: Taxon 35(1): 141
Cyd-Ref-541	J.Yates	1854		In: Bot. Voy. Herald 6: 201-203, 253
Cyd-Ref-542	L.	1763		In: Sp. Pl. ed. 2. 2: 1659
Cyd-Ref-819		1981		In: J. Arnold Arbor. 61: 719
Cyd-Ref-783	Eckenw.	1981		In: J. Arnold Arbor. 61: 719
Cyd-Ref-543	L.f.	1789		In: Hort. Kew. (W. Aiton) 3: 478
Cyd-Ref-544	Vovides, J.D.Rees & Vázq.Torres	1983		In: Fl. Veracruz 26: 28-31, fig. 5
Cyd-Ref-545	Sims	1815		In: Bot. Mag. 42: t.1741
Cyd-Ref-784	J.Schust.	1932		In: in Engler, Pflanzenr. 99: 152-153
Cyd-Ref-785	J.Schust.	1932		In: in Engler, Pflanzenr. 99: 153
Cyd-Ref-786	Miq.	1868		In: Prodr. [A. P. de Candolle] 16(2): 543-544
Cyd-Ref-546	Calonje, D.W.Stev. & A.Lindstr.	2010		In: Brittonia 62(1): 80-85, figs. 1-2
Cyd-Ref-547	A.Lindstr.	2009		In: Taxon 58(1): 268
Cyd-Ref-548	Linden	1873		In: Cat. General 90: 10
Cyd-Ref-549	C.Nelson	2006		In: Ceiba 46(1): 41-42, figs. 1-10
Cyd-Ref-550	Britton	1916		In: Bull. Torrey Bot. Club 43: 462
Cyd-Ref-551	Small	1926		In: J. New York Bot. Gard. 27(318): 128, figs. 1,2
Cyd-Ref-552	Warsz. ex A.Dietr.	1851		In: Allg. Gartenzeitung 19: 146, fig. s.n.
Cyd-Ref-553	Schutzman, Vovides & Dehgan	1988		In: Bot. Gaz. 149(3): 347-351, figs. 1-3
Cyd-Ref-554	A.DC.	1868		In: Prodr. [A. P. de Candolle] 16(2): 539
Cyd-Ref-580	Salisb.	1796		In: Prodr. Stirp. Chap. Allerton : 401
Cyd-Ref-555	Schutzman	1984		In: Phytologia 55(5): 299-303
Cyd-Ref-556	Schutzman	1989		In: Syst. Bot. 14(2): 214-219, figs. 1-2
Cyd-Ref-557	A.S.Taylor & Holzman	2012		In: Bot. Rev. (Lancaster) 78(4): 335-344, figs. 1-4
Cyd-Ref-558	Miq.	1851		In: Nieuwe Verh. Eerste Kl. Kon. Ned. Inst. Wetensch. Amsterdam 3(4): 183
Cyd-Ref-559	Chamb.	1926		In: Bot. Gaz. 81(2): 223, 225, fig. 4
Cyd-Ref-729	W.Bull	1872		In: Retail List [Bull] No. 72: 8
Cyd-Ref-560	Willd.	1806		In: Sp. Pl., ed. 4 [Willdenow] 4(2): 846
Cyd-Ref-561	Calonje, H.E.Esquivel & D.W.Stev.	2011		In: Brittonia 63(4): 442-451 , figs. 1-2
Cyd-Ref-581	L.Linden & Rodigas	1885		In: Ill. Hort. 32: 27, pl. 547
Cyd-Ref-587	Willd.	1806		In: Sp. Pl., ed. 4 [Willdenow] 4(2): 845-846
Cyd-Ref-562	Donn.Sm.	1903		In: Bot. Gaz. 35(1): 8, pl. 1
Cyd-Ref-563	Dammer	1907		In: Verh. Bot. Vereins Prov. Brandenburg 48: 117-118
Cyd-Ref-652	Ducke	1922		In: Arch. Jard. Bot. Rio de Janeiro 3: 19
Cyd-Ref-721		1922		In: Arch. Jard. Bot. Rio de Janeiro 3: 19
Cyd-Ref-564	Small	1921		In: J. New York Bot. Gard. 22: 136, in adnot.
Cyd-Ref-565	B.Walln.	1996		In: Linzer Biol. Beitr. 28(2): 1056
Cyd-Ref-566	Warsz.	1845		In: Allg. Gartenzeitung 32: 252-253
Cyd-Ref-567	D.W.Stev., Sabato & De Luca	1998		In: Delpinoa 37-38: 9-17 , figs. 1-4 (199596 issued 1998)
Cyd-Ref-568	Mast.	1868		In: Gard. Chron. 25(14): 349
Cyd-Ref-569	Miq.	1869		In: Verh. Kon. Ned. Akad. Wetensch., Afd. Natuurk. 2(4): 31-32
Cyd-Ref-8	Braun	1875		In: Monatsber. Königl. Preuss. Akad. Wiss. Berlin: 376
Cyd-Ref-1	J.Schust.	1932		In: in Engler, Pflanzenr. 99: 149
Cyd-Ref-13	Miq.	1851		In: Nieuwe Verh. Eerste Kl. Kon. Ned. Inst. Wetensch. Amsterdam 3(4): 182
